CREATE DATABASE  IF NOT EXISTS `biblioteca` /*!40100 DEFAULT CHARACTER SET utf8mb4 COLLATE utf8mb4_0900_ai_ci */ /*!80016 DEFAULT ENCRYPTION='N' */;
USE `biblioteca`;
-- MySQL dump 10.13  Distrib 8.0.26, for Win64 (x86_64)
--
-- Host: localhost    Database: biblioteca
-- ------------------------------------------------------
-- Server version	8.0.26

/*!40101 SET @OLD_CHARACTER_SET_CLIENT=@@CHARACTER_SET_CLIENT */;
/*!40101 SET @OLD_CHARACTER_SET_RESULTS=@@CHARACTER_SET_RESULTS */;
/*!40101 SET @OLD_COLLATION_CONNECTION=@@COLLATION_CONNECTION */;
/*!50503 SET NAMES utf8 */;
/*!40103 SET @OLD_TIME_ZONE=@@TIME_ZONE */;
/*!40103 SET TIME_ZONE='+00:00' */;
/*!40014 SET @OLD_UNIQUE_CHECKS=@@UNIQUE_CHECKS, UNIQUE_CHECKS=0 */;
/*!40014 SET @OLD_FOREIGN_KEY_CHECKS=@@FOREIGN_KEY_CHECKS, FOREIGN_KEY_CHECKS=0 */;
/*!40101 SET @OLD_SQL_MODE=@@SQL_MODE, SQL_MODE='NO_AUTO_VALUE_ON_ZERO' */;
/*!40111 SET @OLD_SQL_NOTES=@@SQL_NOTES, SQL_NOTES=0 */;

--
-- Table structure for table `asignacion`
--

DROP TABLE IF EXISTS `asignacion`;
/*!40101 SET @saved_cs_client     = @@character_set_client */;
/*!50503 SET character_set_client = utf8mb4 */;
CREATE TABLE `asignacion` (
  `n_isbn` bigint NOT NULL,
  `n_genero` int NOT NULL,
  KEY `n_isbn` (`n_isbn`),
  KEY `n_genero` (`n_genero`),
  CONSTRAINT `asignacion_ibfk_1` FOREIGN KEY (`n_isbn`) REFERENCES `libro` (`isbn`) ON DELETE CASCADE ON UPDATE CASCADE,
  CONSTRAINT `asignacion_ibfk_2` FOREIGN KEY (`n_genero`) REFERENCES `genero` (`id_genero`) ON DELETE CASCADE ON UPDATE CASCADE
) ENGINE=InnoDB DEFAULT CHARSET=utf8mb4 COLLATE=utf8mb4_0900_ai_ci;
/*!40101 SET character_set_client = @saved_cs_client */;

--
-- Dumping data for table `asignacion`
--

LOCK TABLES `asignacion` WRITE;
/*!40000 ALTER TABLE `asignacion` DISABLE KEYS */;
INSERT INTO `asignacion` VALUES (9788466662482,1),(8466657584,2),(8466617167,3),(8467213698,5),(9788460943440,6),(9788460943440,7),(9780486420424,8),(9788490702147,6),(9788498726022,8),(9788490702147,7),(6070914678,1),(6070914678,3),(6070914678,5),(6070914678,6);
/*!40000 ALTER TABLE `asignacion` ENABLE KEYS */;
UNLOCK TABLES;

--
-- Table structure for table `cliente`
--

DROP TABLE IF EXISTS `cliente`;
/*!40101 SET @saved_cs_client     = @@character_set_client */;
/*!50503 SET character_set_client = utf8mb4 */;
CREATE TABLE `cliente` (
  `id_cliente` int NOT NULL AUTO_INCREMENT,
  `observacion` varchar(50) DEFAULT NULL,
  `fecha_registro` date NOT NULL,
  `n_estado` int NOT NULL,
  `n_documento` int NOT NULL,
  PRIMARY KEY (`id_cliente`),
  KEY `n_documento` (`n_documento`),
  KEY `n_estado` (`n_estado`),
  CONSTRAINT `cliente_ibfk_1` FOREIGN KEY (`n_documento`) REFERENCES `contacto` (`documento`) ON DELETE CASCADE ON UPDATE CASCADE,
  CONSTRAINT `cliente_ibfk_2` FOREIGN KEY (`n_estado`) REFERENCES `estado_cliente` (`id_estado`) ON DELETE CASCADE ON UPDATE CASCADE
) ENGINE=InnoDB AUTO_INCREMENT=6 DEFAULT CHARSET=utf8mb4 COLLATE=utf8mb4_0900_ai_ci;
/*!40101 SET character_set_client = @saved_cs_client */;

--
-- Dumping data for table `cliente`
--

LOCK TABLES `cliente` WRITE;
/*!40000 ALTER TABLE `cliente` DISABLE KEYS */;
INSERT INTO `cliente` VALUES (1,'Niña menor de edad','2021-01-15',1,1033497334),(2,'Usuario con datos incompletos','2021-06-07',5,1152440219),(3,'Extranjero','2020-12-02',1,1026968448),(4,'','2021-04-20',1,1002054546),(5,'Jose el panadero','2021-03-05',3,1036935403);
/*!40000 ALTER TABLE `cliente` ENABLE KEYS */;
UNLOCK TABLES;

--
-- Table structure for table `contacto`
--

DROP TABLE IF EXISTS `contacto`;
/*!40101 SET @saved_cs_client     = @@character_set_client */;
/*!50503 SET character_set_client = utf8mb4 */;
CREATE TABLE `contacto` (
  `documento` int NOT NULL,
  `nombrecompleto` varchar(60) NOT NULL,
  `telefono` varchar(10) NOT NULL,
  `direccion` varchar(50) DEFAULT NULL,
  `correo` varchar(50) DEFAULT NULL,
  PRIMARY KEY (`documento`)
) ENGINE=InnoDB DEFAULT CHARSET=utf8mb4 COLLATE=utf8mb4_0900_ai_ci;
/*!40101 SET character_set_client = @saved_cs_client */;

--
-- Dumping data for table `contacto`
--

LOCK TABLES `contacto` WRITE;
/*!40000 ALTER TABLE `contacto` DISABLE KEYS */;
INSERT INTO `contacto` VALUES (1,'Administrador del sistema','8888888','Cll 58a #35',''),(1002054546,'Carlos Alberto Echeverri','3136669980','Cll48b # 57b 24','calima@hotmail.com'),(1020457734,'Cristian Camilo Marin Florez','4518306','Cll 43 # 64 - 73','home-wo@hotmail.com'),(1026968448,'Julian Aristizabal','3218975461','Circular con calibio','jaristizabal01@gmail.com'),(1033497334,'Celeste Marin Gutierrez','3208999456','Cll 52B # 54 -19','celemagu1201@gmail.com'),(1036935403,'Jose Garcia Montero','4444141','Cll 20 # 86 - 72','jose.garcia@gmail.com'),(1152440219,'Carolina Zapata Cadavid','5454918','Cr50 # 21 - 54','carozaca23@gmail.com');
/*!40000 ALTER TABLE `contacto` ENABLE KEYS */;
UNLOCK TABLES;

--
-- Table structure for table `editorial`
--

DROP TABLE IF EXISTS `editorial`;
/*!40101 SET @saved_cs_client     = @@character_set_client */;
/*!50503 SET character_set_client = utf8mb4 */;
CREATE TABLE `editorial` (
  `id_editorial` int NOT NULL AUTO_INCREMENT,
  `nombre` varchar(50) NOT NULL,
  `pais` varchar(30) DEFAULT NULL,
  PRIMARY KEY (`id_editorial`)
) ENGINE=InnoDB AUTO_INCREMENT=11 DEFAULT CHARSET=utf8mb4 COLLATE=utf8mb4_0900_ai_ci;
/*!40101 SET character_set_client = @saved_cs_client */;

--
-- Dumping data for table `editorial`
--

LOCK TABLES `editorial` WRITE;
/*!40000 ALTER TABLE `editorial` DISABLE KEYS */;
INSERT INTO `editorial` VALUES (1,'Ediciones B, S.A','España'),(2,'Pro Quo Books (Toledo OH USA)','Estados Uni'),(3,'Porrua','Mexico'),(4,'Circulo de lectores)','Argentina'),(5,'Ediciones Obelisco','Estados Unidos'),(6,'S. Fischer Verlag','Alemania'),(7,'B. de Bolsillo','Estados Unidos'),(8,'Macmillan Publishers','Estados Unidos'),(9,'Sisas','Otro'),(10,'Peleo','Leo');
/*!40000 ALTER TABLE `editorial` ENABLE KEYS */;
UNLOCK TABLES;

--
-- Table structure for table `ejemplar`
--

DROP TABLE IF EXISTS `ejemplar`;
/*!40101 SET @saved_cs_client     = @@character_set_client */;
/*!50503 SET character_set_client = utf8mb4 */;
CREATE TABLE `ejemplar` (
  `id_ejemplar` int NOT NULL AUTO_INCREMENT,
  `estado` varchar(15) NOT NULL,
  `idioma` varchar(15) NOT NULL,
  `estanteria` varchar(3) DEFAULT NULL,
  `n_isbn` bigint NOT NULL,
  PRIMARY KEY (`id_ejemplar`),
  KEY `n_isbn` (`n_isbn`),
  CONSTRAINT `ejemplar_ibfk_1` FOREIGN KEY (`n_isbn`) REFERENCES `libro` (`isbn`) ON DELETE CASCADE ON UPDATE CASCADE
) ENGINE=InnoDB AUTO_INCREMENT=14 DEFAULT CHARSET=utf8mb4 COLLATE=utf8mb4_0900_ai_ci;
/*!40101 SET character_set_client = @saved_cs_client */;

--
-- Dumping data for table `ejemplar`
--

LOCK TABLES `ejemplar` WRITE;
/*!40000 ALTER TABLE `ejemplar` DISABLE KEYS */;
INSERT INTO `ejemplar` VALUES (1,'bueno','español','22',9788466662482),(2,'regular','español','1',6070914678),(3,'bueno','ingles','15',8467213698),(4,'bueno','español','11',6070914678),(5,'malo','español','27',8466657584),(6,'bueno','español','30',9780486420424),(7,'bueno','español','30',9780486420424),(8,'regular','español','22',9788466662482),(9,'bueno','ingles','15',8466617167),(10,'bueno','ingles','7',9788460943440),(11,'malo','español','7',9788460943440),(12,'regular','ingles','15',9788498726022),(13,'bueno','español','27',9788490702147);
/*!40000 ALTER TABLE `ejemplar` ENABLE KEYS */;
UNLOCK TABLES;

--
-- Table structure for table `estado_cliente`
--

DROP TABLE IF EXISTS `estado_cliente`;
/*!40101 SET @saved_cs_client     = @@character_set_client */;
/*!50503 SET character_set_client = utf8mb4 */;
CREATE TABLE `estado_cliente` (
  `id_estado` int NOT NULL AUTO_INCREMENT,
  `nombre` varchar(20) NOT NULL,
  `descripcion` varchar(80) NOT NULL,
  PRIMARY KEY (`id_estado`)
) ENGINE=InnoDB AUTO_INCREMENT=6 DEFAULT CHARSET=utf8mb4 COLLATE=utf8mb4_0900_ai_ci;
/*!40101 SET character_set_client = @saved_cs_client */;

--
-- Dumping data for table `estado_cliente`
--

LOCK TABLES `estado_cliente` WRITE;
/*!40000 ALTER TABLE `estado_cliente` DISABLE KEYS */;
INSERT INTO `estado_cliente` VALUES (1,'activo','Usuario que puede realizar hasta 3 prestamos de libros'),(2,'desactivo','Usuario que desactivado por inactividad'),(3,'betado','Usuario bloqueado de forma permanente por multiples infracciones'),(4,'sancionado','Usuario bloqueado temporalmente por no devolver los libros a tiempo'),(5,'pendiente','Estado para usuarios nuevos y pendiente de validar datos');
/*!40000 ALTER TABLE `estado_cliente` ENABLE KEYS */;
UNLOCK TABLES;

--
-- Table structure for table `genero`
--

DROP TABLE IF EXISTS `genero`;
/*!40101 SET @saved_cs_client     = @@character_set_client */;
/*!50503 SET character_set_client = utf8mb4 */;
CREATE TABLE `genero` (
  `id_genero` int NOT NULL AUTO_INCREMENT,
  `nombre` varchar(30) NOT NULL,
  PRIMARY KEY (`id_genero`)
) ENGINE=InnoDB AUTO_INCREMENT=10 DEFAULT CHARSET=utf8mb4 COLLATE=utf8mb4_0900_ai_ci;
/*!40101 SET character_set_client = @saved_cs_client */;

--
-- Dumping data for table `genero`
--

LOCK TABLES `genero` WRITE;
/*!40000 ALTER TABLE `genero` DISABLE KEYS */;
INSERT INTO `genero` VALUES (1,'Terror'),(2,'Novela'),(3,'Ciencia Ficcion'),(4,'Misterio'),(5,'Erotico'),(6,'Psicologia'),(7,'Autoayuda'),(8,'Contemporaneo'),(9,'Recetas');
/*!40000 ALTER TABLE `genero` ENABLE KEYS */;
UNLOCK TABLES;

--
-- Table structure for table `libro`
--

DROP TABLE IF EXISTS `libro`;
/*!40101 SET @saved_cs_client     = @@character_set_client */;
/*!50503 SET character_set_client = utf8mb4 */;
CREATE TABLE `libro` (
  `isbn` bigint NOT NULL,
  `nombre` varchar(80) NOT NULL,
  `cantidad` int NOT NULL,
  `autor` varchar(60) DEFAULT NULL,
  `calificacion` float(2,1) DEFAULT NULL,
  `n_editorial` int NOT NULL,
  PRIMARY KEY (`isbn`),
  KEY `n_editorial` (`n_editorial`),
  CONSTRAINT `libro_ibfk_1` FOREIGN KEY (`n_editorial`) REFERENCES `editorial` (`id_editorial`) ON DELETE CASCADE ON UPDATE CASCADE
) ENGINE=InnoDB DEFAULT CHARSET=utf8mb4 COLLATE=utf8mb4_0900_ai_ci;
/*!40101 SET character_set_client = @saved_cs_client */;

--
-- Dumping data for table `libro`
--

LOCK TABLES `libro` WRITE;
/*!40000 ALTER TABLE `libro` DISABLE KEYS */;
INSERT INTO `libro` VALUES (555555555,'Noviembre',1,'Pepito',4.1,1),(6070914678,'Cuentos de Edgar Allan Poe',1,'Edgar Allan',4.7,3),(8466617167,'Criptonomicon: 3',2,'Neal Stephenson',3.7,3),(8466657584,'Susurros en el viento',1,'Elizabeth Haran',4.8,2),(8467213698,'La Almendra',1,'Nedjma',2.4,4),(9780486420424,'Demian',2,'Hernann Hesse',8.3,6),(9788460943440,'El Caballero de la Armadura Oxidada',2,'Robert Fisher',7.9,5),(9788466662482,'El Psicoanalista',3,'John Katzenbach',8.3,1),(9788490702147,'Juan Salvador Gaviota',1,'Richard Bach',7.0,8),(9788498726022,'Los Puentes de Londres',1,'James Patterson',6.2,7);
/*!40000 ALTER TABLE `libro` ENABLE KEYS */;
UNLOCK TABLES;

--
-- Table structure for table `localizacion`
--

DROP TABLE IF EXISTS `localizacion`;
/*!40101 SET @saved_cs_client     = @@character_set_client */;
/*!50503 SET character_set_client = utf8mb4 */;
CREATE TABLE `localizacion` (
  `pais` varchar(255) DEFAULT NULL,
  `region` varchar(255) DEFAULT NULL,
  `departamento` varchar(255) DEFAULT NULL,
  `ciudad` varchar(255) DEFAULT NULL
) ENGINE=InnoDB DEFAULT CHARSET=utf8mb4 COLLATE=utf8mb4_0900_ai_ci;
/*!40101 SET character_set_client = @saved_cs_client */;

--
-- Dumping data for table `localizacion`
--

LOCK TABLES `localizacion` WRITE;
/*!40000 ALTER TABLE `localizacion` DISABLE KEYS */;
INSERT INTO `localizacion` VALUES ('COLOMBIA','ANDINA',NULL,NULL),('COLOMBIA','BOGOTA',NULL,NULL),('COLOMBIA','COSTA',NULL,NULL),('COLOMBIA','SUR',NULL,NULL),('COLOMBIA','ANDINA','ANTIOQUIA',NULL),('COLOMBIA','ANDINA','ANTIOQUIA','MEDELLIN'),('COLOMBIA','ANDINA','ANTIOQUIA','ABEJORRAL'),('COLOMBIA','ANDINA','ANTIOQUIA','ALEJANDRIA'),('COLOMBIA','ANDINA','ANTIOQUIA','AMAGA'),('COLOMBIA','ANDINA','ANTIOQUIA','AMALFI'),('COLOMBIA','ANDINA','ANTIOQUIA','ANDES'),('COLOMBIA','ANDINA','ANTIOQUIA','ANGELOPOLIS'),('COLOMBIA','ANDINA','ANTIOQUIA','ANORI'),('COLOMBIA','ANDINA','ANTIOQUIA','ANZA'),('COLOMBIA','ANDINA','ANTIOQUIA','APARTADO'),('COLOMBIA','ANDINA','ANTIOQUIA','ARGELIA'),('COLOMBIA','ANDINA','ANTIOQUIA','ARMENIA'),('COLOMBIA','ANDINA','ANTIOQUIA','EL BAGRE'),('COLOMBIA','ANDINA','ANTIOQUIA','CAUCASIA'),('COLOMBIA','ANDINA','ANTIOQUIA','BARBOSA'),('COLOMBIA','ANDINA','ANTIOQUIA','BELLO'),('COLOMBIA','ANDINA','ANTIOQUIA','BETANIA'),('COLOMBIA','ANDINA','ANTIOQUIA','BETULIA'),('COLOMBIA','ANDINA','ANTIOQUIA','BURITICA'),('COLOMBIA','ANDINA','ANTIOQUIA','CACERES'),('COLOMBIA','ANDINA','ANTIOQUIA','CALDAS'),('COLOMBIA','ANDINA','ANTIOQUIA','CAMPAMENTO'),('COLOMBIA','ANDINA','ANTIOQUIA','CAÑASGORDAS'),('COLOMBIA','ANDINA','ANTIOQUIA','CARACOLI'),('COLOMBIA','ANDINA','ANTIOQUIA','CAREPA'),('COLOMBIA','ANDINA','ANTIOQUIA','EL CARMEN DE VIBORAL'),('COLOMBIA','ANDINA','ANTIOQUIA','CAROLINA'),('COLOMBIA','ANDINA','ANTIOQUIA','CHIGORODO'),('COLOMBIA','ANDINA','ANTIOQUIA','CISNEROS'),('COLOMBIA','ANDINA','ANTIOQUIA','CIUDAD BOLIVAR'),('COLOMBIA','ANDINA','ANTIOQUIA','COCORNA'),('COLOMBIA','ANDINA','ANTIOQUIA','COPACABANA'),('COLOMBIA','ANDINA','ANTIOQUIA','TURBO'),('COLOMBIA','ANDINA','ANTIOQUIA','DABEIBA'),('COLOMBIA','ANDINA','ANTIOQUIA','DON MATIAS'),('COLOMBIA','ANDINA','ANTIOQUIA','EBEJICO'),('COLOMBIA','ANDINA','ANTIOQUIA','EL PEÑOL'),('COLOMBIA','ANDINA','ANTIOQUIA','RETIRO'),('COLOMBIA','ANDINA','ANTIOQUIA','ENTRERRIOS'),('COLOMBIA','ANDINA','ANTIOQUIA','ENVIGADO'),('COLOMBIA','ANDINA','ANTIOQUIA','FREDONIA'),('COLOMBIA','ANDINA','ANTIOQUIA','FRONTINO'),('COLOMBIA','ANDINA','ANTIOQUIA','GIRALDO'),('COLOMBIA','ANDINA','ANTIOQUIA','GIRARDOTA'),('COLOMBIA','ANDINA','ANTIOQUIA','GOMEZ PLATA'),('COLOMBIA','ANDINA','ANTIOQUIA','GRANADA'),('COLOMBIA','ANDINA','ANTIOQUIA','GUARNE'),('COLOMBIA','ANDINA','ANTIOQUIA','GUATAPE'),('COLOMBIA','ANDINA','ANTIOQUIA','HELICONIA'),('COLOMBIA','ANDINA','ANTIOQUIA','HISPANIA'),('COLOMBIA','ANDINA','ANTIOQUIA','ITAGUI'),('COLOMBIA','ANDINA','ANTIOQUIA','ITUANGO'),('COLOMBIA','ANDINA','ANTIOQUIA','JARDIN'),('COLOMBIA','ANDINA','ANTIOQUIA','JERICO'),('COLOMBIA','ANDINA','ANTIOQUIA','LA CEJA'),('COLOMBIA','ANDINA','ANTIOQUIA','LA PINTADA'),('COLOMBIA','ANDINA','ANTIOQUIA','LIBORINA'),('COLOMBIA','ANDINA','ANTIOQUIA','MACEO'),('COLOMBIA','ANDINA','ANTIOQUIA','PUERTO BERRIO'),('COLOMBIA','ANDINA','ANTIOQUIA','MARINILLA'),('COLOMBIA','ANDINA','ANTIOQUIA','MONTEBELLO'),('COLOMBIA','ANDINA','ANTIOQUIA','MUTATA'),('COLOMBIA','ANDINA','ANTIOQUIA','NARIÑO'),('COLOMBIA','ANDINA','ANTIOQUIA','NECOCLI'),('COLOMBIA','ANDINA','ANTIOQUIA','OLAYA'),('COLOMBIA','ANDINA','ANTIOQUIA','RIONEGRO'),('COLOMBIA','ANDINA','ANTIOQUIA','PUERTO TRIUNFO'),('COLOMBIA','ANDINA','ANTIOQUIA','REMEDIOS'),('COLOMBIA','ANDINA','ANTIOQUIA','SABANETA'),('COLOMBIA','ANDINA','ANTIOQUIA','SALGAR'),('COLOMBIA','ANDINA','ANTIOQUIA','SAN FRANCISCO'),('COLOMBIA','ANDINA','ANTIOQUIA','SAN JERONIMO'),('COLOMBIA','ANDINA','ANTIOQUIA','SAN JOSE DE LA MONTAÑA'),('COLOMBIA','ANDINA','ANTIOQUIA','SAN PEDRO DE URABA'),('COLOMBIA','ANDINA','ANTIOQUIA','SAN LUIS'),('COLOMBIA','ANDINA','ANTIOQUIA','SAN PEDRO'),('COLOMBIA','ANDINA','ANTIOQUIA','SAN RAFAEL'),('COLOMBIA','ANDINA','ANTIOQUIA','SAN ROQUE'),('COLOMBIA','ANDINA','ANTIOQUIA','SAN VICENTE'),('COLOMBIA','ANDINA','ANTIOQUIA','SANTA BARBARA'),('COLOMBIA','ANDINA','ANTIOQUIA','SANTAFE DE ANTIOQUIA'),('COLOMBIA','ANDINA','ANTIOQUIA','SANTA ROSA DE OSOS'),('COLOMBIA','ANDINA','ANTIOQUIA','SANTO DOMINGO'),('COLOMBIA','ANDINA','ANTIOQUIA','SEGOVIA'),('COLOMBIA','ANDINA','ANTIOQUIA','SONSON'),('COLOMBIA','ANDINA','ANTIOQUIA','SOPETRAN'),('COLOMBIA','ANDINA','ANTIOQUIA','TAMESIS'),('COLOMBIA','ANDINA','ANTIOQUIA','TARAZA'),('COLOMBIA','ANDINA','ANTIOQUIA','TARSO'),('COLOMBIA','ANDINA','ANTIOQUIA','TITIRIBI'),('COLOMBIA','ANDINA','ANTIOQUIA','TOLEDO'),('COLOMBIA','ANDINA','ANTIOQUIA','URAMITA'),('COLOMBIA','ANDINA','ANTIOQUIA','URRAO'),('COLOMBIA','ANDINA','ANTIOQUIA','VALDIVIA'),('COLOMBIA','ANDINA','ANTIOQUIA','VALPARAISO'),('COLOMBIA','ANDINA','ANTIOQUIA','VEGACHI'),('COLOMBIA','ANDINA','ANTIOQUIA','VENECIA'),('COLOMBIA','ANDINA','ANTIOQUIA','YALI'),('COLOMBIA','ANDINA','ANTIOQUIA','YARUMAL'),('COLOMBIA','ANDINA','ANTIOQUIA','YOLOMBO'),('COLOMBIA','ANDINA','ANTIOQUIA','YONDO'),('COLOMBIA','ANDINA','ANTIOQUIA','ZARAGOZA'),('COLOMBIA','ANDINA','ANTIOQUIA','PUERTO NARE'),('COLOMBIA','ANDINA','ANTIOQUIA','NECHI'),('COLOMBIA','ANDINA','ANTIOQUIA','PUEBLORRICO'),('COLOMBIA','ANDINA','ANTIOQUIA','LA UNION'),('COLOMBIA','ANDINA','ANTIOQUIA','SAN CARLOS'),('COLOMBIA','ANDINA','ANTIOQUIA','CONCORDIA'),('COLOMBIA','ANDINA','ANTIOQUIA','EL SANTUARIO'),('COLOMBIA','ANDINA','ANTIOQUIA','VIGIA DEL FUERTE'),('COLOMBIA','ANDINA','ANTIOQUIA','LA ESTRELLA'),('COLOMBIA','ANDINA','ANTIOQUIA','ABRIAQUI'),('COLOMBIA','ANDINA','ANTIOQUIA','ANGOSTURA'),('COLOMBIA','ANDINA','ANTIOQUIA','BELMIRA'),('COLOMBIA','ANDINA','ANTIOQUIA','BRICEÑO'),('COLOMBIA','ANDINA','ANTIOQUIA','CAICEDO'),('COLOMBIA','ANDINA','ANTIOQUIA','CARAMANTA'),('COLOMBIA','ANDINA','ANTIOQUIA','CONCEPCION'),('COLOMBIA','ANDINA','ANTIOQUIA','GUADALUPE'),('COLOMBIA','ANDINA','ANTIOQUIA','MURINDO'),('COLOMBIA','ANDINA','ANTIOQUIA','PEQUE'),('COLOMBIA','ANDINA','ANTIOQUIA','SABANALARGA'),('COLOMBIA','ANDINA','ANTIOQUIA','SAN ANDRES DE CUERQUIA'),('COLOMBIA','ANDINA','BOLIVAR',NULL),('COLOMBIA','ANDINA','BOLIVAR','ARENAL'),('COLOMBIA','ANDINA','BOLIVAR','MORALES'),('COLOMBIA','ANDINA','BOLIVAR','RIO VIEJO'),('COLOMBIA','ANDINA','BOYACA',NULL),('COLOMBIA','ANDINA','BOYACA','BOYACA'),('COLOMBIA','ANDINA','BOYACA','CHIQUINQUIRA'),('COLOMBIA','ANDINA','BOYACA','DUITAMA'),('COLOMBIA','ANDINA','BOYACA','MONIQUIRA'),('COLOMBIA','ANDINA','BOYACA','PUERTO BOYACA'),('COLOMBIA','ANDINA','BOYACA','SOGAMOSO'),('COLOMBIA','ANDINA','BOYACA','TUNJA'),('COLOMBIA','ANDINA','BOYACA','PAIPA'),('COLOMBIA','ANDINA','BOYACA','ALMEIDA'),('COLOMBIA','ANDINA','BOYACA','AQUITANIA'),('COLOMBIA','ANDINA','BOYACA','ARCABUCO'),('COLOMBIA','ANDINA','BOYACA','BELEN'),('COLOMBIA','ANDINA','BOYACA','BERBEO'),('COLOMBIA','ANDINA','BOYACA','BETEITIVA'),('COLOMBIA','ANDINA','BOYACA','BOAVITA'),('COLOMBIA','ANDINA','BOYACA','BRICEÑO'),('COLOMBIA','ANDINA','BOYACA','BUENAVISTA'),('COLOMBIA','ANDINA','BOYACA','BUSBANZA'),('COLOMBIA','ANDINA','BOYACA','CALDAS'),('COLOMBIA','ANDINA','BOYACA','CAMPOHERMOSO'),('COLOMBIA','ANDINA','BOYACA','CERINZA'),('COLOMBIA','ANDINA','BOYACA','CHINAVITA'),('COLOMBIA','ANDINA','BOYACA','CHISCAS'),('COLOMBIA','ANDINA','BOYACA','CHITA'),('COLOMBIA','ANDINA','BOYACA','CHITARAQUE'),('COLOMBIA','ANDINA','BOYACA','CHIVATA'),('COLOMBIA','ANDINA','BOYACA','CIENEGA'),('COLOMBIA','ANDINA','BOYACA','COMBITA'),('COLOMBIA','ANDINA','BOYACA','COPER'),('COLOMBIA','ANDINA','BOYACA','CORRALES'),('COLOMBIA','ANDINA','BOYACA','COVARACHIA'),('COLOMBIA','ANDINA','BOYACA','CUBARA'),('COLOMBIA','ANDINA','BOYACA','CUCAITA'),('COLOMBIA','ANDINA','BOYACA','CUITIVA'),('COLOMBIA','ANDINA','BOYACA','CHIQUIZA'),('COLOMBIA','ANDINA','BOYACA','CHIVOR'),('COLOMBIA','ANDINA','BOYACA','EL COCUY'),('COLOMBIA','ANDINA','BOYACA','EL ESPINO'),('COLOMBIA','ANDINA','BOYACA','FIRAVITOBA'),('COLOMBIA','ANDINA','BOYACA','FLORESTA'),('COLOMBIA','ANDINA','BOYACA','GACHANTIVA'),('COLOMBIA','ANDINA','BOYACA','GAMEZA'),('COLOMBIA','ANDINA','BOYACA','GARAGOA'),('COLOMBIA','ANDINA','BOYACA','GUACAMAYAS'),('COLOMBIA','ANDINA','BOYACA','GUATEQUE'),('COLOMBIA','ANDINA','BOYACA','GUAYATA'),('COLOMBIA','ANDINA','BOYACA','GUICAN'),('COLOMBIA','ANDINA','BOYACA','IZA'),('COLOMBIA','ANDINA','BOYACA','JENESANO'),('COLOMBIA','ANDINA','BOYACA','JERICO'),('COLOMBIA','ANDINA','BOYACA','LABRANZAGRANDE'),('COLOMBIA','ANDINA','BOYACA','LA CAPILLA'),('COLOMBIA','ANDINA','BOYACA','LA VICTORIA'),('COLOMBIA','ANDINA','BOYACA','LA UVITA'),('COLOMBIA','ANDINA','BOYACA','VILLA DE LEYVA'),('COLOMBIA','ANDINA','BOYACA','MACANAL'),('COLOMBIA','ANDINA','BOYACA','MARIPI'),('COLOMBIA','ANDINA','BOYACA','MIRAFLORES'),('COLOMBIA','ANDINA','BOYACA','MONGUA'),('COLOMBIA','ANDINA','BOYACA','MONGUI'),('COLOMBIA','ANDINA','BOYACA','MOTAVITA'),('COLOMBIA','ANDINA','BOYACA','MUZO'),('COLOMBIA','ANDINA','BOYACA','NOBSA'),('COLOMBIA','ANDINA','BOYACA','NUEVO COLON'),('COLOMBIA','ANDINA','BOYACA','OICATA'),('COLOMBIA','ANDINA','BOYACA','OTANCHE'),('COLOMBIA','ANDINA','BOYACA','PACHAVITA'),('COLOMBIA','ANDINA','BOYACA','PAEZ'),('COLOMBIA','ANDINA','BOYACA','PAJARITO'),('COLOMBIA','ANDINA','BOYACA','PANQUEBA'),('COLOMBIA','ANDINA','BOYACA','PAUNA'),('COLOMBIA','ANDINA','BOYACA','PAYA'),('COLOMBIA','ANDINA','BOYACA','PAZ DE RIO'),('COLOMBIA','ANDINA','BOYACA','PESCA'),('COLOMBIA','ANDINA','BOYACA','PISBA'),('COLOMBIA','ANDINA','BOYACA','QUIPAMA'),('COLOMBIA','ANDINA','BOYACA','RAMIRIQUI'),('COLOMBIA','ANDINA','BOYACA','RAQUIRA'),('COLOMBIA','ANDINA','BOYACA','RONDON'),('COLOMBIA','ANDINA','BOYACA','SABOYA'),('COLOMBIA','ANDINA','BOYACA','SACHICA'),('COLOMBIA','ANDINA','BOYACA','SAMACA'),('COLOMBIA','ANDINA','BOYACA','SAN EDUARDO'),('COLOMBIA','ANDINA','BOYACA','SAN JOSE DE PARE'),('COLOMBIA','ANDINA','BOYACA','SAN LUIS DE GACENO'),('COLOMBIA','ANDINA','BOYACA','SAN MATEO'),('COLOMBIA','ANDINA','BOYACA','SAN MIGUEL DE SEMA'),('COLOMBIA','ANDINA','BOYACA','SAN PABLO DE BORBUR'),('COLOMBIA','ANDINA','BOYACA','SANTANA'),('COLOMBIA','ANDINA','BOYACA','SANTA MARIA'),('COLOMBIA','ANDINA','BOYACA','SANTA ROSA DE VITERBO'),('COLOMBIA','ANDINA','BOYACA','SANTA SOFIA'),('COLOMBIA','ANDINA','BOYACA','SATIVANORTE'),('COLOMBIA','ANDINA','BOYACA','SATIVASUR'),('COLOMBIA','ANDINA','BOYACA','SIACHOQUE'),('COLOMBIA','ANDINA','BOYACA','SOATA'),('COLOMBIA','ANDINA','BOYACA','SOCOTA'),('COLOMBIA','ANDINA','BOYACA','SOCHA'),('COLOMBIA','ANDINA','BOYACA','SOMONDOCO'),('COLOMBIA','ANDINA','BOYACA','SORA'),('COLOMBIA','ANDINA','BOYACA','SOTAQUIRA'),('COLOMBIA','ANDINA','BOYACA','SORACA'),('COLOMBIA','ANDINA','BOYACA','SUSACON'),('COLOMBIA','ANDINA','BOYACA','SUTAMARCHAN'),('COLOMBIA','ANDINA','BOYACA','SUTATENZA'),('COLOMBIA','ANDINA','BOYACA','TASCO'),('COLOMBIA','ANDINA','BOYACA','TENZA'),('COLOMBIA','ANDINA','BOYACA','TIBANA'),('COLOMBIA','ANDINA','BOYACA','TIBASOSA'),('COLOMBIA','ANDINA','BOYACA','TINJACA'),('COLOMBIA','ANDINA','BOYACA','TIPACOQUE'),('COLOMBIA','ANDINA','BOYACA','TOCA'),('COLOMBIA','ANDINA','BOYACA','TOGUI'),('COLOMBIA','ANDINA','BOYACA','TOPAGA'),('COLOMBIA','ANDINA','BOYACA','TOTA'),('COLOMBIA','ANDINA','BOYACA','TUNUNGUA'),('COLOMBIA','ANDINA','BOYACA','TURMEQUE'),('COLOMBIA','ANDINA','BOYACA','TUTA'),('COLOMBIA','ANDINA','BOYACA','TUTAZA'),('COLOMBIA','ANDINA','BOYACA','UMBITA'),('COLOMBIA','ANDINA','BOYACA','VENTAQUEMADA'),('COLOMBIA','ANDINA','BOYACA','VIRACACHA'),('COLOMBIA','ANDINA','BOYACA','ZETAQUIRA'),('COLOMBIA','ANDINA','CESAR',NULL),('COLOMBIA','ANDINA','CESAR','AGUACHICA'),('COLOMBIA','ANDINA','CESAR','SAN ALBERTO'),('COLOMBIA','ANDINA','CESAR','GAMARRA'),('COLOMBIA','ANDINA','CESAR','LA GLORIA'),('COLOMBIA','ANDINA','CESAR','PELAYA'),('COLOMBIA','ANDINA','CESAR','RIO DE ORO'),('COLOMBIA','ANDINA','CESAR','SAN MARTIN'),('COLOMBIA','ANDINA','CHOCO',NULL),('COLOMBIA','ANDINA','CHOCO','QUIBDO'),('COLOMBIA','ANDINA','CHOCO','ACANDI'),('COLOMBIA','ANDINA','CHOCO','ALTO BAUDO'),('COLOMBIA','ANDINA','CHOCO','ATRATO'),('COLOMBIA','ANDINA','CHOCO','BAGADO'),('COLOMBIA','ANDINA','CHOCO','BAHIA SOLANO'),('COLOMBIA','ANDINA','CHOCO','BAJO BAUDO'),('COLOMBIA','ANDINA','CHOCO','BOJAYA'),('COLOMBIA','ANDINA','CHOCO','EL CANTON DEL SAN PABLO'),('COLOMBIA','ANDINA','CHOCO','CARMEN DEL DARIEN'),('COLOMBIA','ANDINA','CHOCO','CERTEGUI'),('COLOMBIA','ANDINA','CHOCO','CONDOTO'),('COLOMBIA','ANDINA','CHOCO','EL CARMEN DE ATRATO'),('COLOMBIA','ANDINA','CHOCO','EL LITORAL DEL SAN JUAN'),('COLOMBIA','ANDINA','CHOCO','ISTMINA'),('COLOMBIA','ANDINA','CHOCO','JURADO'),('COLOMBIA','ANDINA','CHOCO','LLORO'),('COLOMBIA','ANDINA','CHOCO','MEDIO ATRATO'),('COLOMBIA','ANDINA','CHOCO','MEDIO BAUDO'),('COLOMBIA','ANDINA','CHOCO','MEDIO SAN JUAN'),('COLOMBIA','ANDINA','CHOCO','NOVITA'),('COLOMBIA','ANDINA','CHOCO','NUQUI'),('COLOMBIA','ANDINA','CHOCO','RIO IRO'),('COLOMBIA','ANDINA','CHOCO','RIO QUITO'),('COLOMBIA','ANDINA','CHOCO','RIOSUCIO'),('COLOMBIA','ANDINA','CHOCO','SAN JOSE DEL PALMAR'),('COLOMBIA','ANDINA','CHOCO','SIPI'),('COLOMBIA','ANDINA','CHOCO','TADO'),('COLOMBIA','ANDINA','CHOCO','UNGUIA'),('COLOMBIA','ANDINA','CHOCO','UNION PANAMERICANA'),('COLOMBIA','ANDINA','NORTE DE SANTANDER',NULL),('COLOMBIA','ANDINA','NORTE DE SANTANDER','CUCUTA'),('COLOMBIA','ANDINA','NORTE DE SANTANDER','OCAÑA'),('COLOMBIA','ANDINA','NORTE DE SANTANDER','PAMPLONA'),('COLOMBIA','ANDINA','NORTE DE SANTANDER','VILLA DEL ROSARIO'),('COLOMBIA','ANDINA','NORTE DE SANTANDER','LOS PATIOS'),('COLOMBIA','ANDINA','NORTE DE SANTANDER','ABREGO'),('COLOMBIA','ANDINA','NORTE DE SANTANDER','ARBOLEDAS'),('COLOMBIA','ANDINA','NORTE DE SANTANDER','BOCHALEMA'),('COLOMBIA','ANDINA','NORTE DE SANTANDER','BUCARASICA'),('COLOMBIA','ANDINA','NORTE DE SANTANDER','CACOTA'),('COLOMBIA','ANDINA','NORTE DE SANTANDER','CACHIRA'),('COLOMBIA','ANDINA','NORTE DE SANTANDER','CHINACOTA'),('COLOMBIA','ANDINA','NORTE DE SANTANDER','CHITAGA'),('COLOMBIA','ANDINA','NORTE DE SANTANDER','CONVENCION'),('COLOMBIA','ANDINA','NORTE DE SANTANDER','CUCUTILLA'),('COLOMBIA','ANDINA','NORTE DE SANTANDER','DURANIA'),('COLOMBIA','ANDINA','NORTE DE SANTANDER','EL CARMEN'),('COLOMBIA','ANDINA','NORTE DE SANTANDER','EL TARRA'),('COLOMBIA','ANDINA','NORTE DE SANTANDER','EL ZULIA'),('COLOMBIA','ANDINA','NORTE DE SANTANDER','GRAMALOTE'),('COLOMBIA','ANDINA','NORTE DE SANTANDER','HACARI'),('COLOMBIA','ANDINA','NORTE DE SANTANDER','HERRAN'),('COLOMBIA','ANDINA','NORTE DE SANTANDER','LABATECA'),('COLOMBIA','ANDINA','NORTE DE SANTANDER','LA ESPERANZA'),('COLOMBIA','ANDINA','NORTE DE SANTANDER','LA PLAYA'),('COLOMBIA','ANDINA','NORTE DE SANTANDER','LOURDES'),('COLOMBIA','ANDINA','NORTE DE SANTANDER','MUTISCUA'),('COLOMBIA','ANDINA','NORTE DE SANTANDER','PAMPLONITA'),('COLOMBIA','ANDINA','NORTE DE SANTANDER','PUERTO SANTANDER'),('COLOMBIA','ANDINA','NORTE DE SANTANDER','RAGONVALIA'),('COLOMBIA','ANDINA','NORTE DE SANTANDER','SALAZAR'),('COLOMBIA','ANDINA','NORTE DE SANTANDER','SAN CALIXTO'),('COLOMBIA','ANDINA','NORTE DE SANTANDER','SAN CAYETANO'),('COLOMBIA','ANDINA','NORTE DE SANTANDER','SANTIAGO'),('COLOMBIA','ANDINA','NORTE DE SANTANDER','SARDINATA'),('COLOMBIA','ANDINA','NORTE DE SANTANDER','SILOS'),('COLOMBIA','ANDINA','NORTE DE SANTANDER','TEORAMA'),('COLOMBIA','ANDINA','NORTE DE SANTANDER','TIBU'),('COLOMBIA','ANDINA','NORTE DE SANTANDER','TOLEDO'),('COLOMBIA','ANDINA','NORTE DE SANTANDER','VILLA CARO'),('COLOMBIA','ANDINA','SANTANDER',NULL),('COLOMBIA','ANDINA','SANTANDER','BARBOSA'),('COLOMBIA','ANDINA','SANTANDER','BARRANCABERMEJA'),('COLOMBIA','ANDINA','SANTANDER','BUCARAMANGA'),('COLOMBIA','ANDINA','SANTANDER','PIEDECUESTA'),('COLOMBIA','ANDINA','SANTANDER','RIONEGRO'),('COLOMBIA','ANDINA','SANTANDER','SAN GIL'),('COLOMBIA','ANDINA','SANTANDER','VELEZ'),('COLOMBIA','ANDINA','SANTANDER','SAN MIGUEL'),('COLOMBIA','ANDINA','SANTANDER','FLORIDABLANCA'),('COLOMBIA','ANDINA','SANTANDER','GIRON'),('COLOMBIA','ANDINA','SANTANDER','LEBRIJA'),('COLOMBIA','ANDINA','SANTANDER','AGUADA'),('COLOMBIA','ANDINA','SANTANDER','ALBANIA'),('COLOMBIA','ANDINA','SANTANDER','ARATOCA'),('COLOMBIA','ANDINA','SANTANDER','BARICHARA'),('COLOMBIA','ANDINA','SANTANDER','BETULIA'),('COLOMBIA','ANDINA','SANTANDER','BOLIVAR'),('COLOMBIA','ANDINA','SANTANDER','CABRERA'),('COLOMBIA','ANDINA','SANTANDER','CALIFORNIA'),('COLOMBIA','ANDINA','SANTANDER','CAPITANEJO'),('COLOMBIA','ANDINA','SANTANDER','CARCASI'),('COLOMBIA','ANDINA','SANTANDER','CEPITA'),('COLOMBIA','ANDINA','SANTANDER','CERRITO'),('COLOMBIA','ANDINA','SANTANDER','CHARALA'),('COLOMBIA','ANDINA','SANTANDER','CHARTA'),('COLOMBIA','ANDINA','SANTANDER','CHIMA'),('COLOMBIA','ANDINA','SANTANDER','CHIPATA'),('COLOMBIA','ANDINA','SANTANDER','CIMITARRA'),('COLOMBIA','ANDINA','SANTANDER','CONCEPCION'),('COLOMBIA','ANDINA','SANTANDER','CONFINES'),('COLOMBIA','ANDINA','SANTANDER','CONTRATACION'),('COLOMBIA','ANDINA','SANTANDER','COROMORO'),('COLOMBIA','ANDINA','SANTANDER','CURITI'),('COLOMBIA','ANDINA','SANTANDER','EL CARMEN DE CHUCURI'),('COLOMBIA','ANDINA','SANTANDER','EL GUACAMAYO'),('COLOMBIA','ANDINA','SANTANDER','EL PEÑON'),('COLOMBIA','ANDINA','SANTANDER','EL PLAYON'),('COLOMBIA','ANDINA','SANTANDER','ENCINO'),('COLOMBIA','ANDINA','SANTANDER','ENCISO'),('COLOMBIA','ANDINA','SANTANDER','FLORIAN'),('COLOMBIA','ANDINA','SANTANDER','GALAN'),('COLOMBIA','ANDINA','SANTANDER','GAMBITA'),('COLOMBIA','ANDINA','SANTANDER','GUACA'),('COLOMBIA','ANDINA','SANTANDER','GUADALUPE'),('COLOMBIA','ANDINA','SANTANDER','GUAPOTA'),('COLOMBIA','ANDINA','SANTANDER','GUAVATA'),('COLOMBIA','ANDINA','SANTANDER','GUEPSA'),('COLOMBIA','ANDINA','SANTANDER','HATO'),('COLOMBIA','ANDINA','SANTANDER','JESUS MARIA'),('COLOMBIA','ANDINA','SANTANDER','JORDAN'),('COLOMBIA','ANDINA','SANTANDER','LA BELLEZA'),('COLOMBIA','ANDINA','SANTANDER','LANDAZURI'),('COLOMBIA','ANDINA','SANTANDER','LA PAZ'),('COLOMBIA','ANDINA','SANTANDER','LOS SANTOS'),('COLOMBIA','ANDINA','SANTANDER','MACARAVITA'),('COLOMBIA','ANDINA','SANTANDER','MALAGA'),('COLOMBIA','ANDINA','SANTANDER','MATANZA'),('COLOMBIA','ANDINA','SANTANDER','MOGOTES'),('COLOMBIA','ANDINA','SANTANDER','MOLAGAVITA'),('COLOMBIA','ANDINA','SANTANDER','OCAMONTE'),('COLOMBIA','ANDINA','SANTANDER','OIBA'),('COLOMBIA','ANDINA','SANTANDER','ONZAGA'),('COLOMBIA','ANDINA','SANTANDER','PALMAR'),('COLOMBIA','ANDINA','SANTANDER','PALMAS DEL SOCORRO'),('COLOMBIA','ANDINA','SANTANDER','PARAMO'),('COLOMBIA','ANDINA','SANTANDER','PINCHOTE'),('COLOMBIA','ANDINA','SANTANDER','PUENTE NACIONAL'),('COLOMBIA','ANDINA','SANTANDER','PUERTO PARRA'),('COLOMBIA','ANDINA','SANTANDER','PUERTO WILCHES'),('COLOMBIA','ANDINA','SANTANDER','SABANA DE TORRES'),('COLOMBIA','ANDINA','SANTANDER','SAN ANDRES'),('COLOMBIA','ANDINA','SANTANDER','SAN BENITO'),('COLOMBIA','ANDINA','SANTANDER','SAN JOAQUIN'),('COLOMBIA','ANDINA','SANTANDER','SAN JOSE DE MIRANDA'),('COLOMBIA','ANDINA','SANTANDER','SAN VICENTE DE CHUCURI'),('COLOMBIA','ANDINA','SANTANDER','SANTA BARBARA'),('COLOMBIA','ANDINA','SANTANDER','SANTA HELENA DEL OPON'),('COLOMBIA','ANDINA','SANTANDER','SIMACOTA'),('COLOMBIA','ANDINA','SANTANDER','SOCORRO'),('COLOMBIA','ANDINA','SANTANDER','SUAITA'),('COLOMBIA','ANDINA','SANTANDER','SUCRE'),('COLOMBIA','ANDINA','SANTANDER','SURATA'),('COLOMBIA','ANDINA','SANTANDER','TONA'),('COLOMBIA','ANDINA','SANTANDER','VALLE DE SAN JOSE'),('COLOMBIA','ANDINA','SANTANDER','VETAS'),('COLOMBIA','ANDINA','SANTANDER','VILLANUEVA'),('COLOMBIA','ANDINA','SANTANDER','ZAPATOCA'),('COLOMBIA','ANDINA','SANTANDER','BETULIA'),('COLOMBIA','BOGOTA','BOGOTA D.C.',NULL),('COLOMBIA','BOGOTA','BOGOTA D.C.','BOGOTA'),('COLOMBIA','BOGOTA','CUNDINAMARCA',NULL),('COLOMBIA','BOGOTA','CUNDINAMARCA','ANAPOIMA'),('COLOMBIA','BOGOTA','CUNDINAMARCA','CAJICA'),('COLOMBIA','BOGOTA','CUNDINAMARCA','CHIA'),('COLOMBIA','BOGOTA','CUNDINAMARCA','COTA'),('COLOMBIA','BOGOTA','CUNDINAMARCA','FACATATIVA'),('COLOMBIA','BOGOTA','CUNDINAMARCA','FUNZA'),('COLOMBIA','BOGOTA','CUNDINAMARCA','FUSAGASUGA'),('COLOMBIA','BOGOTA','CUNDINAMARCA','GIRARDOT'),('COLOMBIA','BOGOTA','CUNDINAMARCA','GRANADA'),('COLOMBIA','BOGOTA','CUNDINAMARCA','LA MESA'),('COLOMBIA','BOGOTA','CUNDINAMARCA','MADRID'),('COLOMBIA','BOGOTA','CUNDINAMARCA','MOSQUERA'),('COLOMBIA','BOGOTA','CUNDINAMARCA','SOACHA'),('COLOMBIA','BOGOTA','CUNDINAMARCA','TOCANCIPA'),('COLOMBIA','BOGOTA','CUNDINAMARCA','VILLA DE SAN DIEGO DE UBATE'),('COLOMBIA','BOGOTA','CUNDINAMARCA','VILLETA'),('COLOMBIA','BOGOTA','CUNDINAMARCA','ZIPAQUIRA'),('COLOMBIA','BOGOTA','CUNDINAMARCA','TOCAIMA'),('COLOMBIA','BOGOTA','CUNDINAMARCA','SUESCA'),('COLOMBIA','BOGOTA','CUNDINAMARCA','LA CALERA'),('COLOMBIA','BOGOTA','CUNDINAMARCA','AGUA DE DIOS'),('COLOMBIA','BOGOTA','CUNDINAMARCA','ALBAN'),('COLOMBIA','BOGOTA','CUNDINAMARCA','ANOLAIMA'),('COLOMBIA','BOGOTA','CUNDINAMARCA','ARBELAEZ'),('COLOMBIA','BOGOTA','CUNDINAMARCA','BELTRAN'),('COLOMBIA','BOGOTA','CUNDINAMARCA','BITUIMA'),('COLOMBIA','BOGOTA','CUNDINAMARCA','BOJACA'),('COLOMBIA','BOGOTA','CUNDINAMARCA','CABRERA'),('COLOMBIA','BOGOTA','CUNDINAMARCA','CACHIPAY'),('COLOMBIA','BOGOTA','CUNDINAMARCA','CAPARRAPI'),('COLOMBIA','BOGOTA','CUNDINAMARCA','CAQUEZA'),('COLOMBIA','BOGOTA','CUNDINAMARCA','CARMEN DE CARUPA'),('COLOMBIA','BOGOTA','CUNDINAMARCA','CHAGUANI'),('COLOMBIA','BOGOTA','CUNDINAMARCA','CHIPAQUE'),('COLOMBIA','BOGOTA','CUNDINAMARCA','CHOACHI'),('COLOMBIA','BOGOTA','CUNDINAMARCA','CHOCONTA'),('COLOMBIA','BOGOTA','CUNDINAMARCA','COGUA'),('COLOMBIA','BOGOTA','CUNDINAMARCA','CUCUNUBA'),('COLOMBIA','BOGOTA','CUNDINAMARCA','EL COLEGIO'),('COLOMBIA','BOGOTA','CUNDINAMARCA','EL PEÑON'),('COLOMBIA','BOGOTA','CUNDINAMARCA','EL ROSAL'),('COLOMBIA','BOGOTA','CUNDINAMARCA','FOMEQUE'),('COLOMBIA','BOGOTA','CUNDINAMARCA','FOSCA'),('COLOMBIA','BOGOTA','CUNDINAMARCA','FUQUENE'),('COLOMBIA','BOGOTA','CUNDINAMARCA','GACHALA'),('COLOMBIA','BOGOTA','CUNDINAMARCA','GACHANCIPA'),('COLOMBIA','BOGOTA','CUNDINAMARCA','GACHETA'),('COLOMBIA','BOGOTA','CUNDINAMARCA','GAMA'),('COLOMBIA','BOGOTA','CUNDINAMARCA','GUACHETA'),('COLOMBIA','BOGOTA','CUNDINAMARCA','GUADUAS'),('COLOMBIA','BOGOTA','CUNDINAMARCA','GUASCA'),('COLOMBIA','BOGOTA','CUNDINAMARCA','GUATAQUI'),('COLOMBIA','BOGOTA','CUNDINAMARCA','GUATAVITA'),('COLOMBIA','BOGOTA','CUNDINAMARCA','GUAYABAL DE SIQUIMA'),('COLOMBIA','BOGOTA','CUNDINAMARCA','GUAYABETAL'),('COLOMBIA','BOGOTA','CUNDINAMARCA','GUTIERREZ'),('COLOMBIA','BOGOTA','CUNDINAMARCA','JERUSALEN'),('COLOMBIA','BOGOTA','CUNDINAMARCA','JUNIN'),('COLOMBIA','BOGOTA','CUNDINAMARCA','LA PALMA'),('COLOMBIA','BOGOTA','CUNDINAMARCA','LA PEÑA'),('COLOMBIA','BOGOTA','CUNDINAMARCA','LA VEGA'),('COLOMBIA','BOGOTA','CUNDINAMARCA','LENGUAZAQUE'),('COLOMBIA','BOGOTA','CUNDINAMARCA','MACHETA'),('COLOMBIA','BOGOTA','CUNDINAMARCA','MANTA'),('COLOMBIA','BOGOTA','CUNDINAMARCA','MEDINA'),('COLOMBIA','BOGOTA','CUNDINAMARCA','NARIÑO'),('COLOMBIA','BOGOTA','CUNDINAMARCA','NEMOCON'),('COLOMBIA','BOGOTA','CUNDINAMARCA','NILO'),('COLOMBIA','BOGOTA','CUNDINAMARCA','NIMAIMA'),('COLOMBIA','BOGOTA','CUNDINAMARCA','NOCAIMA'),('COLOMBIA','BOGOTA','CUNDINAMARCA','VENECIA'),('COLOMBIA','BOGOTA','CUNDINAMARCA','PACHO'),('COLOMBIA','BOGOTA','CUNDINAMARCA','PAIME'),('COLOMBIA','BOGOTA','CUNDINAMARCA','PANDI'),('COLOMBIA','BOGOTA','CUNDINAMARCA','PARATEBUENO'),('COLOMBIA','BOGOTA','CUNDINAMARCA','PASCA'),('COLOMBIA','BOGOTA','CUNDINAMARCA','PUERTO SALGAR'),('COLOMBIA','BOGOTA','CUNDINAMARCA','PULI'),('COLOMBIA','BOGOTA','CUNDINAMARCA','QUEBRADANEGRA'),('COLOMBIA','BOGOTA','CUNDINAMARCA','QUETAME'),('COLOMBIA','BOGOTA','CUNDINAMARCA','QUIPILE'),('COLOMBIA','BOGOTA','CUNDINAMARCA','APULO'),('COLOMBIA','BOGOTA','CUNDINAMARCA','RICAURTE'),('COLOMBIA','BOGOTA','CUNDINAMARCA','SAN ANTONIO DEL TEQUENDAMA'),('COLOMBIA','BOGOTA','CUNDINAMARCA','SAN BERNARDO'),('COLOMBIA','BOGOTA','CUNDINAMARCA','SAN CAYETANO'),('COLOMBIA','BOGOTA','CUNDINAMARCA','SAN FRANCISCO'),('COLOMBIA','BOGOTA','CUNDINAMARCA','SAN JUAN DE RIO SECO'),('COLOMBIA','BOGOTA','CUNDINAMARCA','SASAIMA'),('COLOMBIA','BOGOTA','CUNDINAMARCA','SESQUILE'),('COLOMBIA','BOGOTA','CUNDINAMARCA','SIBATE'),('COLOMBIA','BOGOTA','CUNDINAMARCA','SILVANIA'),('COLOMBIA','BOGOTA','CUNDINAMARCA','SIMIJACA'),('COLOMBIA','BOGOTA','CUNDINAMARCA','SOPO'),('COLOMBIA','BOGOTA','CUNDINAMARCA','SUBACHOQUE'),('COLOMBIA','BOGOTA','CUNDINAMARCA','SUPATA'),('COLOMBIA','BOGOTA','CUNDINAMARCA','SUSA'),('COLOMBIA','BOGOTA','CUNDINAMARCA','SUTATAUSA'),('COLOMBIA','BOGOTA','CUNDINAMARCA','TABIO'),('COLOMBIA','BOGOTA','CUNDINAMARCA','TAUSA'),('COLOMBIA','BOGOTA','CUNDINAMARCA','TENA'),('COLOMBIA','BOGOTA','CUNDINAMARCA','TENJO'),('COLOMBIA','BOGOTA','CUNDINAMARCA','TIBACUY'),('COLOMBIA','BOGOTA','CUNDINAMARCA','TIBIRITA'),('COLOMBIA','BOGOTA','CUNDINAMARCA','TOPAIPI'),('COLOMBIA','BOGOTA','CUNDINAMARCA','UBALA'),('COLOMBIA','BOGOTA','CUNDINAMARCA','UBAQUE'),('COLOMBIA','BOGOTA','CUNDINAMARCA','UNE'),('COLOMBIA','BOGOTA','CUNDINAMARCA','UTICA'),('COLOMBIA','BOGOTA','CUNDINAMARCA','VERGARA'),('COLOMBIA','BOGOTA','CUNDINAMARCA','VIANI'),('COLOMBIA','BOGOTA','CUNDINAMARCA','VILLAGOMEZ'),('COLOMBIA','BOGOTA','CUNDINAMARCA','VILLAPINZON'),('COLOMBIA','BOGOTA','CUNDINAMARCA','VIOTA'),('COLOMBIA','BOGOTA','CUNDINAMARCA','YACOPI'),('COLOMBIA','BOGOTA','CUNDINAMARCA','ZIPACON'),('COLOMBIA','COSTA','ANTIOQUIA',NULL),('COLOMBIA','COSTA','ANTIOQUIA','ARBOLETES'),('COLOMBIA','COSTA','ANTIOQUIA','SAN JUAN DE URABA'),('COLOMBIA','COSTA','ATLANTICO',NULL),('COLOMBIA','COSTA','ATLANTICO','BARRANQUILLA'),('COLOMBIA','COSTA','ATLANTICO','BARANOA'),('COLOMBIA','COSTA','ATLANTICO','GALAPA'),('COLOMBIA','COSTA','ATLANTICO','MALAMBO'),('COLOMBIA','COSTA','ATLANTICO','PUERTO COLOMBIA'),('COLOMBIA','COSTA','ATLANTICO','SABANAGRANDE'),('COLOMBIA','COSTA','ATLANTICO','SABANALARGA'),('COLOMBIA','COSTA','ATLANTICO','SANTO TOMAS'),('COLOMBIA','COSTA','ATLANTICO','SOLEDAD'),('COLOMBIA','COSTA','ATLANTICO','CANDELARIA'),('COLOMBIA','COSTA','ATLANTICO','CAMPO DE LA CRUZ'),('COLOMBIA','COSTA','ATLANTICO','JUAN DE ACOSTA'),('COLOMBIA','COSTA','ATLANTICO','LURUACO'),('COLOMBIA','COSTA','ATLANTICO','MANATI'),('COLOMBIA','COSTA','ATLANTICO','PALMAR DE VARELA'),('COLOMBIA','COSTA','ATLANTICO','PIOJO'),('COLOMBIA','COSTA','ATLANTICO','POLONUEVO'),('COLOMBIA','COSTA','ATLANTICO','PONEDERA'),('COLOMBIA','COSTA','ATLANTICO','REPELON'),('COLOMBIA','COSTA','ATLANTICO','SANTA LUCIA'),('COLOMBIA','COSTA','ATLANTICO','SUAN'),('COLOMBIA','COSTA','ATLANTICO','TUBARA'),('COLOMBIA','COSTA','ATLANTICO','USIACURI'),('COLOMBIA','COSTA','BOLIVAR',NULL),('COLOMBIA','COSTA','BOLIVAR','VILLANUEVA'),('COLOMBIA','COSTA','BOLIVAR','EL CARMEN DE BOLIVAR'),('COLOMBIA','COSTA','BOLIVAR','CARTAGENA'),('COLOMBIA','COSTA','BOLIVAR','CORDOBA'),('COLOMBIA','COSTA','BOLIVAR','MAGANGUE'),('COLOMBIA','COSTA','BOLIVAR','MOMPOS'),('COLOMBIA','COSTA','BOLIVAR','SANTA ROSA'),('COLOMBIA','COSTA','BOLIVAR','SANTA ROSA DEL SUR'),('COLOMBIA','COSTA','BOLIVAR','TURBACO'),('COLOMBIA','COSTA','BOLIVAR','ACHI'),('COLOMBIA','COSTA','BOLIVAR','ALTOS DEL ROSARIO'),('COLOMBIA','COSTA','BOLIVAR','ARJONA'),('COLOMBIA','COSTA','BOLIVAR','ARROYOHONDO'),('COLOMBIA','COSTA','BOLIVAR','BARRANCO DE LOBA'),('COLOMBIA','COSTA','BOLIVAR','CALAMAR'),('COLOMBIA','COSTA','BOLIVAR','CANTAGALLO'),('COLOMBIA','COSTA','BOLIVAR','CICUCO'),('COLOMBIA','COSTA','BOLIVAR','CLEMENCIA'),('COLOMBIA','COSTA','BOLIVAR','EL GUAMO'),('COLOMBIA','COSTA','BOLIVAR','EL PEÑON'),('COLOMBIA','COSTA','BOLIVAR','HATILLO DE LOBA'),('COLOMBIA','COSTA','BOLIVAR','MAHATES'),('COLOMBIA','COSTA','BOLIVAR','MARGARITA'),('COLOMBIA','COSTA','BOLIVAR','MARIA LA BAJA'),('COLOMBIA','COSTA','BOLIVAR','MONTECRISTO'),('COLOMBIA','COSTA','BOLIVAR','NOROSI'),('COLOMBIA','COSTA','BOLIVAR','PINILLOS'),('COLOMBIA','COSTA','BOLIVAR','REGIDOR'),('COLOMBIA','COSTA','BOLIVAR','SAN CRISTOBAL'),('COLOMBIA','COSTA','BOLIVAR','SAN ESTANISLAO'),('COLOMBIA','COSTA','BOLIVAR','SAN FERNANDO'),('COLOMBIA','COSTA','BOLIVAR','SAN JACINTO'),('COLOMBIA','COSTA','BOLIVAR','SAN JACINTO DEL CAUCA'),('COLOMBIA','COSTA','BOLIVAR','SAN JUAN NEPOMUCENO'),('COLOMBIA','COSTA','BOLIVAR','SAN MARTIN DE LOBA'),('COLOMBIA','COSTA','BOLIVAR','SAN PABLO'),('COLOMBIA','COSTA','BOLIVAR','SANTA CATALINA'),('COLOMBIA','COSTA','BOLIVAR','SIMITI'),('COLOMBIA','COSTA','BOLIVAR','SOPLAVIENTO'),('COLOMBIA','COSTA','BOLIVAR','TALAIGUA NUEVO'),('COLOMBIA','COSTA','BOLIVAR','TIQUISIO'),('COLOMBIA','COSTA','BOLIVAR','TURBANA'),('COLOMBIA','COSTA','BOLIVAR','ZAMBRANO'),('COLOMBIA','COSTA','CESAR',NULL),('COLOMBIA','COSTA','CESAR','MANAURE'),('COLOMBIA','COSTA','CESAR','AGUSTIN CODAZZI'),('COLOMBIA','COSTA','CESAR','BOSCONIA'),('COLOMBIA','COSTA','CESAR','VALLEDUPAR'),('COLOMBIA','COSTA','CESAR','CURUMANI'),('COLOMBIA','COSTA','CESAR','ASTREA'),('COLOMBIA','COSTA','CESAR','BECERRIL'),('COLOMBIA','COSTA','CESAR','CHIMICHAGUA'),('COLOMBIA','COSTA','CESAR','CHIRIGUANA'),('COLOMBIA','COSTA','CESAR','EL COPEY'),('COLOMBIA','COSTA','CESAR','EL PASO'),('COLOMBIA','COSTA','CESAR','GONZALEZ'),('COLOMBIA','COSTA','CESAR','LA JAGUA DE IBIRICO'),('COLOMBIA','COSTA','CESAR','PAILITAS'),('COLOMBIA','COSTA','CESAR','PUEBLO BELLO'),('COLOMBIA','COSTA','CESAR','LA PAZ'),('COLOMBIA','COSTA','CESAR','SAN DIEGO'),('COLOMBIA','COSTA','CESAR','TAMALAMEQUE'),('COLOMBIA','COSTA','CORDOBA',NULL),('COLOMBIA','COSTA','CORDOBA','AYAPEL'),('COLOMBIA','COSTA','CORDOBA','CERETE'),('COLOMBIA','COSTA','CORDOBA','CHINU'),('COLOMBIA','COSTA','CORDOBA','LA APARTADA'),('COLOMBIA','COSTA','CORDOBA','LORICA'),('COLOMBIA','COSTA','CORDOBA','MONTELIBANO'),('COLOMBIA','COSTA','CORDOBA','MONTERIA'),('COLOMBIA','COSTA','CORDOBA','PLANETA RICA'),('COLOMBIA','COSTA','CORDOBA','PUEBLO NUEVO'),('COLOMBIA','COSTA','CORDOBA','SAHAGUN'),('COLOMBIA','COSTA','CORDOBA','SAN ANDRES SOTAVENTO'),('COLOMBIA','COSTA','CORDOBA','SAN ANTERO'),('COLOMBIA','COSTA','CORDOBA','SAN CARLOS'),('COLOMBIA','COSTA','CORDOBA','TIERRALTA'),('COLOMBIA','COSTA','CORDOBA','CIENAGA DE ORO'),('COLOMBIA','COSTA','CORDOBA','BUENAVISTA'),('COLOMBIA','COSTA','CORDOBA','CANALETE'),('COLOMBIA','COSTA','CORDOBA','CHIMA'),('COLOMBIA','COSTA','CORDOBA','COTORRA'),('COLOMBIA','COSTA','CORDOBA','LOS CORDOBAS'),('COLOMBIA','COSTA','CORDOBA','MOMIL'),('COLOMBIA','COSTA','CORDOBA','MONITOS'),('COLOMBIA','COSTA','CORDOBA','PUERTO ESCONDIDO'),('COLOMBIA','COSTA','CORDOBA','PUERTO LIBERTADOR'),('COLOMBIA','COSTA','CORDOBA','PURISIMA'),('COLOMBIA','COSTA','CORDOBA','SAN BERNARDO DEL VIENTO'),('COLOMBIA','COSTA','CORDOBA','SAN JOSE DE URE'),('COLOMBIA','COSTA','CORDOBA','SAN PELAYO'),('COLOMBIA','COSTA','CORDOBA','TUCHIN'),('COLOMBIA','COSTA','CORDOBA','VALENCIA'),('COLOMBIA','COSTA','LA GUAJIRA',NULL),('COLOMBIA','COSTA','LA GUAJIRA','FONSECA'),('COLOMBIA','COSTA','LA GUAJIRA','MAICAO'),('COLOMBIA','COSTA','LA GUAJIRA','RIOHACHA'),('COLOMBIA','COSTA','LA GUAJIRA','SAN JUAN DEL CESAR'),('COLOMBIA','COSTA','LA GUAJIRA','ALBANIA'),('COLOMBIA','COSTA','LA GUAJIRA','BARRANCAS'),('COLOMBIA','COSTA','LA GUAJIRA','DIBULLA'),('COLOMBIA','COSTA','LA GUAJIRA','DISTRACCION'),('COLOMBIA','COSTA','LA GUAJIRA','EL MOLINO'),('COLOMBIA','COSTA','LA GUAJIRA','HATONUEVO'),('COLOMBIA','COSTA','LA GUAJIRA','LA JAGUA DEL PILAR'),('COLOMBIA','COSTA','LA GUAJIRA','MANAURE'),('COLOMBIA','COSTA','LA GUAJIRA','URIBIA'),('COLOMBIA','COSTA','LA GUAJIRA','URUMITA'),('COLOMBIA','COSTA','LA GUAJIRA','VILLANUEVA'),('COLOMBIA','COSTA','MAGDALENA',NULL),('COLOMBIA','COSTA','MAGDALENA','ARACATACA'),('COLOMBIA','COSTA','MAGDALENA','EL BANCO'),('COLOMBIA','COSTA','MAGDALENA','CIENAGA'),('COLOMBIA','COSTA','MAGDALENA','CONCORDIA'),('COLOMBIA','COSTA','MAGDALENA','FUNDACION'),('COLOMBIA','COSTA','MAGDALENA','SANTA MARTA'),('COLOMBIA','COSTA','MAGDALENA','PIVIJAY'),('COLOMBIA','COSTA','MAGDALENA','PLATO'),('COLOMBIA','COSTA','MAGDALENA','SALAMINA'),('COLOMBIA','COSTA','MAGDALENA','SANTA ANA'),('COLOMBIA','COSTA','MAGDALENA','ARIGUANI'),('COLOMBIA','COSTA','MAGDALENA','ALGARROBO'),('COLOMBIA','COSTA','MAGDALENA','CERRO SAN ANTONIO'),('COLOMBIA','COSTA','MAGDALENA','CHIBOLO'),('COLOMBIA','COSTA','MAGDALENA','EL PIÑON'),('COLOMBIA','COSTA','MAGDALENA','EL RETEN'),('COLOMBIA','COSTA','MAGDALENA','GUAMAL'),('COLOMBIA','COSTA','MAGDALENA','NUEVA GRANADA'),('COLOMBIA','COSTA','MAGDALENA','PEDRAZA'),('COLOMBIA','COSTA','MAGDALENA','PIJIÑO DEL CARMEN'),('COLOMBIA','COSTA','MAGDALENA','PUEBLOVIEJO'),('COLOMBIA','COSTA','MAGDALENA','REMOLINO'),('COLOMBIA','COSTA','MAGDALENA','SABANAS DE SAN ANGEL'),('COLOMBIA','COSTA','MAGDALENA','SAN SEBASTIAN DE BUENAVISTA'),('COLOMBIA','COSTA','MAGDALENA','SAN ZENON'),('COLOMBIA','COSTA','MAGDALENA','SANTA BARBARA DE PINTO'),('COLOMBIA','COSTA','MAGDALENA','SITIONUEVO'),('COLOMBIA','COSTA','MAGDALENA','TENERIFE'),('COLOMBIA','COSTA','MAGDALENA','ZAPAYAN'),('COLOMBIA','COSTA','MAGDALENA','ZONA BANANERA'),('COLOMBIA','COSTA','SAN ANDRES Y PROVIDENCIA',NULL),('COLOMBIA','COSTA','SAN ANDRES Y PROVIDENCIA','SAN ANDRES'),('COLOMBIA','COSTA','SAN ANDRES Y PROVIDENCIA','PROVIDENCIA'),('COLOMBIA','COSTA','SUCRE',NULL),('COLOMBIA','COSTA','SUCRE','COROZAL'),('COLOMBIA','COSTA','SUCRE','LA UNION'),('COLOMBIA','COSTA','SUCRE','SAMPUES'),('COLOMBIA','COSTA','SUCRE','SAN MARCOS'),('COLOMBIA','COSTA','SUCRE','SAN ONOFRE'),('COLOMBIA','COSTA','SUCRE','SINCELEJO'),('COLOMBIA','COSTA','SUCRE','SUCRE'),('COLOMBIA','COSTA','SUCRE','TOLU VIEJO'),('COLOMBIA','COSTA','SUCRE','COVEÑAS'),('COLOMBIA','COSTA','SUCRE','SANTIAGO DE TOLU'),('COLOMBIA','COSTA','SUCRE','BUENAVISTA'),('COLOMBIA','COSTA','SUCRE','CAIMITO'),('COLOMBIA','COSTA','SUCRE','COLOSO'),('COLOMBIA','COSTA','SUCRE','CHALAN'),('COLOMBIA','COSTA','SUCRE','EL ROBLE'),('COLOMBIA','COSTA','SUCRE','GALERAS'),('COLOMBIA','COSTA','SUCRE','GUARANDA'),('COLOMBIA','COSTA','SUCRE','LOS PALMITOS'),('COLOMBIA','COSTA','SUCRE','MAJAGUAL'),('COLOMBIA','COSTA','SUCRE','MORROA'),('COLOMBIA','COSTA','SUCRE','OVEJAS'),('COLOMBIA','COSTA','SUCRE','PALMITO'),('COLOMBIA','COSTA','SUCRE','SAN BENITO ABAD'),('COLOMBIA','COSTA','SUCRE','SAN JUAN DE BETULIA'),('COLOMBIA','COSTA','SUCRE','SAN PEDRO'),('COLOMBIA','COSTA','SUCRE','SINCE'),('COLOMBIA','SUR','AMAZONAS',NULL),('COLOMBIA','SUR','AMAZONAS','LETICIA'),('COLOMBIA','SUR','AMAZONAS','EL ENCANTO'),('COLOMBIA','SUR','AMAZONAS','LA CHORRERA'),('COLOMBIA','SUR','AMAZONAS','LA PEDRERA'),('COLOMBIA','SUR','AMAZONAS','LA VICTORIA'),('COLOMBIA','SUR','AMAZONAS','MIRITI - PARANA'),('COLOMBIA','SUR','AMAZONAS','PUERTO ALEGRIA'),('COLOMBIA','SUR','AMAZONAS','PUERTO ARICA'),('COLOMBIA','SUR','AMAZONAS','PUERTO NARIÑO'),('COLOMBIA','SUR','AMAZONAS','PUERTO SANTANDER'),('COLOMBIA','SUR','AMAZONAS','TARAPACA'),('COLOMBIA','SUR','ARAUCA',NULL),('COLOMBIA','SUR','ARAUCA','SARAVENA'),('COLOMBIA','SUR','ARAUCA','ARAUCA'),('COLOMBIA','SUR','ARAUCA','ARAUQUITA'),('COLOMBIA','SUR','ARAUCA','CRAVO NORTE'),('COLOMBIA','SUR','ARAUCA','FORTUL'),('COLOMBIA','SUR','ARAUCA','PUERTO RONDON'),('COLOMBIA','SUR','ARAUCA','TAME'),('COLOMBIA','SUR','CALDAS',NULL),('COLOMBIA','SUR','CALDAS','CHINCHINA'),('COLOMBIA','SUR','CALDAS','LA DORADA'),('COLOMBIA','SUR','CALDAS','MANIZALES'),('COLOMBIA','SUR','CALDAS','RISARALDA'),('COLOMBIA','SUR','CALDAS','SUPIA'),('COLOMBIA','SUR','CALDAS','VILLAMARIA'),('COLOMBIA','SUR','CALDAS','ANSERMA'),('COLOMBIA','SUR','CALDAS','AGUADAS'),('COLOMBIA','SUR','CALDAS','ARANZAZU'),('COLOMBIA','SUR','CALDAS','BELALCAZAR'),('COLOMBIA','SUR','CALDAS','FILADELFIA'),('COLOMBIA','SUR','CALDAS','LA MERCED'),('COLOMBIA','SUR','CALDAS','MANZANARES'),('COLOMBIA','SUR','CALDAS','MARMATO'),('COLOMBIA','SUR','CALDAS','MARQUETALIA'),('COLOMBIA','SUR','CALDAS','MARULANDA'),('COLOMBIA','SUR','CALDAS','NEIRA'),('COLOMBIA','SUR','CALDAS','NORCASIA'),('COLOMBIA','SUR','CALDAS','PACORA'),('COLOMBIA','SUR','CALDAS','PALESTINA'),('COLOMBIA','SUR','CALDAS','PENSILVANIA'),('COLOMBIA','SUR','CALDAS','RIOSUCIO'),('COLOMBIA','SUR','CALDAS','SALAMINA'),('COLOMBIA','SUR','CALDAS','SAMANA'),('COLOMBIA','SUR','CALDAS','SAN JOSE'),('COLOMBIA','SUR','CALDAS','VICTORIA'),('COLOMBIA','SUR','CALDAS','VITERBO'),('COLOMBIA','SUR','CAQUETA',NULL),('COLOMBIA','SUR','CAQUETA','FLORENCIA'),('COLOMBIA','SUR','CAQUETA','ALBANIA'),('COLOMBIA','SUR','CAQUETA','BELEN DE LOS ANDAQUIES'),('COLOMBIA','SUR','CAQUETA','CARTAGENA DEL CHAIRA'),('COLOMBIA','SUR','CAQUETA','CURILLO'),('COLOMBIA','SUR','CAQUETA','EL DONCELLO'),('COLOMBIA','SUR','CAQUETA','EL PAUJIL'),('COLOMBIA','SUR','CAQUETA','LA MONTANITA'),('COLOMBIA','SUR','CAQUETA','MILAN'),('COLOMBIA','SUR','CAQUETA','MORELIA'),('COLOMBIA','SUR','CAQUETA','PUERTO RICO'),('COLOMBIA','SUR','CAQUETA','SAN JOSE DEL FRAGUA'),('COLOMBIA','SUR','CAQUETA','SAN VICENTE DEL CAGUAN'),('COLOMBIA','SUR','CAQUETA','SOLANO'),('COLOMBIA','SUR','CAQUETA','SOLITA'),('COLOMBIA','SUR','CAQUETA','VALPARAISO'),('COLOMBIA','SUR','CASANARE',NULL),('COLOMBIA','SUR','CASANARE','YOPAL'),('COLOMBIA','SUR','CASANARE','AGUAZUL'),('COLOMBIA','SUR','CASANARE','CHAMEZA'),('COLOMBIA','SUR','CASANARE','HATO COROZAL'),('COLOMBIA','SUR','CASANARE','LA SALINA'),('COLOMBIA','SUR','CASANARE','MANI'),('COLOMBIA','SUR','CASANARE','MONTERREY'),('COLOMBIA','SUR','CASANARE','NUNCHIA'),('COLOMBIA','SUR','CASANARE','OROCUE'),('COLOMBIA','SUR','CASANARE','PAZ DE ARIPORO'),('COLOMBIA','SUR','CASANARE','PORE'),('COLOMBIA','SUR','CASANARE','RECETOR'),('COLOMBIA','SUR','CASANARE','SABANALARGA'),('COLOMBIA','SUR','CASANARE','SACAMA'),('COLOMBIA','SUR','CASANARE','SAN LUIS DE PALENQUE'),('COLOMBIA','SUR','CASANARE','TAMARA'),('COLOMBIA','SUR','CASANARE','TAURAMENA'),('COLOMBIA','SUR','CASANARE','TRINIDAD'),('COLOMBIA','SUR','CASANARE','VILLANUEVA'),('COLOMBIA','SUR','CAUCA',NULL),('COLOMBIA','SUR','CAUCA','BOLIVAR'),('COLOMBIA','SUR','CAUCA','POPAYAN'),('COLOMBIA','SUR','CAUCA','PUERTO TEJADA'),('COLOMBIA','SUR','CAUCA','SANTANDER DE QUILICHAO'),('COLOMBIA','SUR','CAUCA','LA SIERRA'),('COLOMBIA','SUR','CAUCA','ALMAGUER'),('COLOMBIA','SUR','CAUCA','ARGELIA'),('COLOMBIA','SUR','CAUCA','BALBOA'),('COLOMBIA','SUR','CAUCA','BUENOS AIRES'),('COLOMBIA','SUR','CAUCA','CAJIBIO'),('COLOMBIA','SUR','CAUCA','CALDONO'),('COLOMBIA','SUR','CAUCA','CALOTO'),('COLOMBIA','SUR','CAUCA','CORINTO'),('COLOMBIA','SUR','CAUCA','EL TAMBO'),('COLOMBIA','SUR','CAUCA','FLORENCIA'),('COLOMBIA','SUR','CAUCA','GUACHENE'),('COLOMBIA','SUR','CAUCA','GUAPI'),('COLOMBIA','SUR','CAUCA','INZA'),('COLOMBIA','SUR','CAUCA','JAMBALO'),('COLOMBIA','SUR','CAUCA','LA VEGA'),('COLOMBIA','SUR','CAUCA','LOPEZ'),('COLOMBIA','SUR','CAUCA','MERCADERES'),('COLOMBIA','SUR','CAUCA','MIRANDA'),('COLOMBIA','SUR','CAUCA','MORALES'),('COLOMBIA','SUR','CAUCA','PADILLA'),('COLOMBIA','SUR','CAUCA','PAEZ'),('COLOMBIA','SUR','CAUCA','PATIA'),('COLOMBIA','SUR','CAUCA','PIAMONTE'),('COLOMBIA','SUR','CAUCA','PIENDAMO'),('COLOMBIA','SUR','CAUCA','PURACE'),('COLOMBIA','SUR','CAUCA','ROSAS'),('COLOMBIA','SUR','CAUCA','SAN SEBASTIAN'),('COLOMBIA','SUR','CAUCA','SANTA ROSA'),('COLOMBIA','SUR','CAUCA','SILVIA'),('COLOMBIA','SUR','CAUCA','SOTARA'),('COLOMBIA','SUR','CAUCA','SUAREZ'),('COLOMBIA','SUR','CAUCA','SUCRE'),('COLOMBIA','SUR','CAUCA','TIMBIO'),('COLOMBIA','SUR','CAUCA','TIMBIQUI'),('COLOMBIA','SUR','CAUCA','TORIBIO'),('COLOMBIA','SUR','CAUCA','TOTORO'),('COLOMBIA','SUR','CAUCA','VILLA RICA'),('COLOMBIA','SUR','GUAINIA',NULL),('COLOMBIA','SUR','GUAINIA','INIRIDA'),('COLOMBIA','SUR','GUAINIA','BARRANCO MINAS'),('COLOMBIA','SUR','GUAINIA','MAPIRIPANA'),('COLOMBIA','SUR','GUAINIA','SAN FELIPE'),('COLOMBIA','SUR','GUAINIA','PUERTO COLOMBIA'),('COLOMBIA','SUR','GUAINIA','LA GUADALUPE'),('COLOMBIA','SUR','GUAINIA','CACAHUAL'),('COLOMBIA','SUR','GUAINIA','PANA PANA'),('COLOMBIA','SUR','GUAINIA','MORICHAL'),('COLOMBIA','SUR','GUAVIARE',NULL),('COLOMBIA','SUR','GUAVIARE','SAN JOSE DEL GUAVIARE'),('COLOMBIA','SUR','GUAVIARE','CALAMAR'),('COLOMBIA','SUR','GUAVIARE','EL RETORNO'),('COLOMBIA','SUR','GUAVIARE','MIRAFLORES'),('COLOMBIA','SUR','HUILA',NULL),('COLOMBIA','SUR','HUILA','NEIVA'),('COLOMBIA','SUR','HUILA','ACEVEDO'),('COLOMBIA','SUR','HUILA','AGRADO'),('COLOMBIA','SUR','HUILA','AIPE'),('COLOMBIA','SUR','HUILA','ALGECIRAS'),('COLOMBIA','SUR','HUILA','ALTAMIRA'),('COLOMBIA','SUR','HUILA','BARAYA'),('COLOMBIA','SUR','HUILA','CAMPOALEGRE'),('COLOMBIA','SUR','HUILA','COLOMBIA'),('COLOMBIA','SUR','HUILA','ELIAS'),('COLOMBIA','SUR','HUILA','GARZON'),('COLOMBIA','SUR','HUILA','GIGANTE'),('COLOMBIA','SUR','HUILA','GUADALUPE'),('COLOMBIA','SUR','HUILA','HOBO'),('COLOMBIA','SUR','HUILA','IQUIRA'),('COLOMBIA','SUR','HUILA','ISNOS'),('COLOMBIA','SUR','HUILA','LA ARGENTINA'),('COLOMBIA','SUR','HUILA','LA PLATA'),('COLOMBIA','SUR','HUILA','NATAGA'),('COLOMBIA','SUR','HUILA','OPORAPA'),('COLOMBIA','SUR','HUILA','PAICOL'),('COLOMBIA','SUR','HUILA','PALERMO'),('COLOMBIA','SUR','HUILA','PALESTINA'),('COLOMBIA','SUR','HUILA','PITAL'),('COLOMBIA','SUR','HUILA','PITALITO'),('COLOMBIA','SUR','HUILA','RIVERA'),('COLOMBIA','SUR','HUILA','SALADOBLANCO'),('COLOMBIA','SUR','HUILA','SAN AGUSTIN'),('COLOMBIA','SUR','HUILA','SANTA MARIA'),('COLOMBIA','SUR','HUILA','SUAZA'),('COLOMBIA','SUR','HUILA','TARQUI'),('COLOMBIA','SUR','HUILA','TESALIA'),('COLOMBIA','SUR','HUILA','TELLO'),('COLOMBIA','SUR','HUILA','TERUEL'),('COLOMBIA','SUR','HUILA','TIMANA'),('COLOMBIA','SUR','HUILA','VILLAVIEJA'),('COLOMBIA','SUR','HUILA','YAGUARA'),('COLOMBIA','SUR','META',NULL),('COLOMBIA','SUR','META','ACACIAS'),('COLOMBIA','SUR','META','VILLAVICENCIO'),('COLOMBIA','SUR','META','MESETAS'),('COLOMBIA','SUR','META','BARRANCA DE UPIA'),('COLOMBIA','SUR','META','CABUYARO'),('COLOMBIA','SUR','META','CASTILLA LA NUEVA'),('COLOMBIA','SUR','META','CUBARRAL'),('COLOMBIA','SUR','META','CUMARAL'),('COLOMBIA','SUR','META','EL CALVARIO'),('COLOMBIA','SUR','META','EL CASTILLO'),('COLOMBIA','SUR','META','EL DORADO'),('COLOMBIA','SUR','META','FUENTE DE ORO'),('COLOMBIA','SUR','META','GRANADA'),('COLOMBIA','SUR','META','GUAMAL'),('COLOMBIA','SUR','META','MAPIRIPAN'),('COLOMBIA','SUR','META','LA MACARENA'),('COLOMBIA','SUR','META','URIBE'),('COLOMBIA','SUR','META','LEJANIAS'),('COLOMBIA','SUR','META','PUERTO CONCORDIA'),('COLOMBIA','SUR','META','PUERTO GAITAN'),('COLOMBIA','SUR','META','PUERTO LOPEZ'),('COLOMBIA','SUR','META','PUERTO LLERAS'),('COLOMBIA','SUR','META','PUERTO RICO'),('COLOMBIA','SUR','META','RESTREPO'),('COLOMBIA','SUR','META','SAN CARLOS DE GUAROA'),('COLOMBIA','SUR','META','SAN JUAN DE ARAMA'),('COLOMBIA','SUR','META','SAN JUANITO'),('COLOMBIA','SUR','META','SAN MARTIN'),('COLOMBIA','SUR','META','VISTAHERMOSA'),('COLOMBIA','SUR','NARIÑO',NULL),('COLOMBIA','SUR','NARIÑO','IPIALES'),('COLOMBIA','SUR','NARIÑO','PASTO'),('COLOMBIA','SUR','NARIÑO','TUMACO'),('COLOMBIA','SUR','NARIÑO','TUQUERRES'),('COLOMBIA','SUR','NARIÑO','ALBAN'),('COLOMBIA','SUR','NARIÑO','ALDANA'),('COLOMBIA','SUR','NARIÑO','ANCUYA'),('COLOMBIA','SUR','NARIÑO','ARBOLEDA'),('COLOMBIA','SUR','NARIÑO','BARBACOAS'),('COLOMBIA','SUR','NARIÑO','BELEN'),('COLOMBIA','SUR','NARIÑO','BUESACO'),('COLOMBIA','SUR','NARIÑO','COLON'),('COLOMBIA','SUR','NARIÑO','CONSACA'),('COLOMBIA','SUR','NARIÑO','CONTADERO'),('COLOMBIA','SUR','NARIÑO','CORDOBA'),('COLOMBIA','SUR','NARIÑO','CUASPUD'),('COLOMBIA','SUR','NARIÑO','CUMBAL'),('COLOMBIA','SUR','NARIÑO','CUMBITARA'),('COLOMBIA','SUR','NARIÑO','CHACHAGUI'),('COLOMBIA','SUR','NARIÑO','EL CHARCO'),('COLOMBIA','SUR','NARIÑO','EL PEÑOL'),('COLOMBIA','SUR','NARIÑO','EL ROSARIO'),('COLOMBIA','SUR','NARIÑO','EL TABLON DE GOMEZ'),('COLOMBIA','SUR','NARIÑO','EL TAMBO'),('COLOMBIA','SUR','NARIÑO','FUNES'),('COLOMBIA','SUR','NARIÑO','GUACHUCAL'),('COLOMBIA','SUR','NARIÑO','GUAITARILLA'),('COLOMBIA','SUR','NARIÑO','GUALMATAN'),('COLOMBIA','SUR','NARIÑO','ILES'),('COLOMBIA','SUR','NARIÑO','IMUES'),('COLOMBIA','SUR','NARIÑO','LA CRUZ'),('COLOMBIA','SUR','NARIÑO','LA FLORIDA'),('COLOMBIA','SUR','NARIÑO','LA LLANADA'),('COLOMBIA','SUR','NARIÑO','LA TOLA'),('COLOMBIA','SUR','NARIÑO','LA UNION'),('COLOMBIA','SUR','NARIÑO','LEIVA'),('COLOMBIA','SUR','NARIÑO','LINARES'),('COLOMBIA','SUR','NARIÑO','LOS ANDES'),('COLOMBIA','SUR','NARIÑO','MAGUI'),('COLOMBIA','SUR','NARIÑO','MALLAMA'),('COLOMBIA','SUR','NARIÑO','MOSQUERA'),('COLOMBIA','SUR','NARIÑO','NARIÑO'),('COLOMBIA','SUR','NARIÑO','OLAYA HERRERA'),('COLOMBIA','SUR','NARIÑO','OSPINA'),('COLOMBIA','SUR','NARIÑO','FRANCISCO PIZARRO'),('COLOMBIA','SUR','NARIÑO','POLICARPA'),('COLOMBIA','SUR','NARIÑO','POTOSI'),('COLOMBIA','SUR','NARIÑO','PROVIDENCIA'),('COLOMBIA','SUR','NARIÑO','PUERRES'),('COLOMBIA','SUR','NARIÑO','PUPIALES'),('COLOMBIA','SUR','NARIÑO','RICAURTE'),('COLOMBIA','SUR','NARIÑO','ROBERTO PAYAN'),('COLOMBIA','SUR','NARIÑO','SAMANIEGO'),('COLOMBIA','SUR','NARIÑO','SANDONA'),('COLOMBIA','SUR','NARIÑO','SAN BERNARDO'),('COLOMBIA','SUR','NARIÑO','SAN LORENZO'),('COLOMBIA','SUR','NARIÑO','SAN PABLO'),('COLOMBIA','SUR','NARIÑO','SAN PEDRO DE CARTAGO'),('COLOMBIA','SUR','NARIÑO','SANTA BARBARA'),('COLOMBIA','SUR','NARIÑO','SANTACRUZ'),('COLOMBIA','SUR','NARIÑO','SAPUYES'),('COLOMBIA','SUR','NARIÑO','TAMINANGO'),('COLOMBIA','SUR','NARIÑO','TANGUA'),('COLOMBIA','SUR','NARIÑO','YACUANQUER'),('COLOMBIA','SUR','PUTUMAYO',NULL),('COLOMBIA','SUR','PUTUMAYO','MOCOA'),('COLOMBIA','SUR','PUTUMAYO','COLON'),('COLOMBIA','SUR','PUTUMAYO','ORITO'),('COLOMBIA','SUR','PUTUMAYO','PUERTO ASIS'),('COLOMBIA','SUR','PUTUMAYO','PUERTO CAICEDO'),('COLOMBIA','SUR','PUTUMAYO','PUERTO GUZMAN'),('COLOMBIA','SUR','PUTUMAYO','LEGUIZAMO'),('COLOMBIA','SUR','PUTUMAYO','SIBUNDOY'),('COLOMBIA','SUR','PUTUMAYO','SAN FRANCISCO'),('COLOMBIA','SUR','PUTUMAYO','SAN MIGUEL'),('COLOMBIA','SUR','PUTUMAYO','SANTIAGO'),('COLOMBIA','SUR','PUTUMAYO','VALLE DEL GUAMUEZ'),('COLOMBIA','SUR','PUTUMAYO','VILLAGARZON'),('COLOMBIA','SUR','QUINDIO',NULL),('COLOMBIA','SUR','QUINDIO','ARMENIA'),('COLOMBIA','SUR','QUINDIO','CALARCA'),('COLOMBIA','SUR','QUINDIO','CIRCASIA'),('COLOMBIA','SUR','QUINDIO','LA TEBAIDA'),('COLOMBIA','SUR','QUINDIO','MONTENEGRO'),('COLOMBIA','SUR','QUINDIO','QUIMBAYA'),('COLOMBIA','SUR','QUINDIO','BUENAVISTA'),('COLOMBIA','SUR','QUINDIO','CORDOBA'),('COLOMBIA','SUR','QUINDIO','FILANDIA'),('COLOMBIA','SUR','QUINDIO','GENOVA'),('COLOMBIA','SUR','QUINDIO','PIJAO'),('COLOMBIA','SUR','QUINDIO','SALENTO'),('COLOMBIA','SUR','RISARALDA',NULL),('COLOMBIA','SUR','RISARALDA','DOSQUEBRADAS'),('COLOMBIA','SUR','RISARALDA','LA VIRGINIA'),('COLOMBIA','SUR','RISARALDA','PEREIRA'),('COLOMBIA','SUR','RISARALDA','PUEBLO RICO'),('COLOMBIA','SUR','RISARALDA','SANTA ROSA DE CABAL'),('COLOMBIA','SUR','RISARALDA','SANTUARIO'),('COLOMBIA','SUR','RISARALDA','APIA'),('COLOMBIA','SUR','RISARALDA','BALBOA'),('COLOMBIA','SUR','RISARALDA','BELEN DE UMBRIA'),('COLOMBIA','SUR','RISARALDA','GUATICA'),('COLOMBIA','SUR','RISARALDA','LA CELIA'),('COLOMBIA','SUR','RISARALDA','MARSELLA'),('COLOMBIA','SUR','RISARALDA','MISTRATO'),('COLOMBIA','SUR','RISARALDA','QUINCHIA'),('COLOMBIA','SUR','TOLIMA',NULL),('COLOMBIA','SUR','TOLIMA','CUNDAY'),('COLOMBIA','SUR','TOLIMA','IBAGUE'),('COLOMBIA','SUR','TOLIMA','MELGAR'),('COLOMBIA','SUR','TOLIMA','ESPINAL'),('COLOMBIA','SUR','TOLIMA','ALPUJARRA'),('COLOMBIA','SUR','TOLIMA','ALVARADO'),('COLOMBIA','SUR','TOLIMA','AMBALEMA'),('COLOMBIA','SUR','TOLIMA','ANZOATEGUI'),('COLOMBIA','SUR','TOLIMA','ARMERO'),('COLOMBIA','SUR','TOLIMA','ATACO'),('COLOMBIA','SUR','TOLIMA','CAJAMARCA'),('COLOMBIA','SUR','TOLIMA','CARMEN DE APICALA'),('COLOMBIA','SUR','TOLIMA','CASABIANCA'),('COLOMBIA','SUR','TOLIMA','CHAPARRAL'),('COLOMBIA','SUR','TOLIMA','COELLO'),('COLOMBIA','SUR','TOLIMA','COYAIMA'),('COLOMBIA','SUR','TOLIMA','DOLORES'),('COLOMBIA','SUR','TOLIMA','FALAN'),('COLOMBIA','SUR','TOLIMA','FLANDES'),('COLOMBIA','SUR','TOLIMA','FRESNO'),('COLOMBIA','SUR','TOLIMA','GUAMO'),('COLOMBIA','SUR','TOLIMA','HERVEO'),('COLOMBIA','SUR','TOLIMA','HONDA'),('COLOMBIA','SUR','TOLIMA','ICONONZO'),('COLOMBIA','SUR','TOLIMA','LERIDA'),('COLOMBIA','SUR','TOLIMA','LIBANO'),('COLOMBIA','SUR','TOLIMA','MARIQUITA'),('COLOMBIA','SUR','TOLIMA','MURILLO'),('COLOMBIA','SUR','TOLIMA','NATAGAIMA'),('COLOMBIA','SUR','TOLIMA','ORTEGA'),('COLOMBIA','SUR','TOLIMA','PALOCABILDO'),('COLOMBIA','SUR','TOLIMA','PIEDRAS'),('COLOMBIA','SUR','TOLIMA','PLANADAS'),('COLOMBIA','SUR','TOLIMA','PRADO'),('COLOMBIA','SUR','TOLIMA','PURIFICACION'),('COLOMBIA','SUR','TOLIMA','RIOBLANCO'),('COLOMBIA','SUR','TOLIMA','RONCESVALLES'),('COLOMBIA','SUR','TOLIMA','ROVIRA'),('COLOMBIA','SUR','TOLIMA','SALDAÑA'),('COLOMBIA','SUR','TOLIMA','SAN ANTONIO'),('COLOMBIA','SUR','TOLIMA','SAN LUIS'),('COLOMBIA','SUR','TOLIMA','SANTA ISABEL'),('COLOMBIA','SUR','TOLIMA','SUAREZ'),('COLOMBIA','SUR','TOLIMA','VALLE DE SAN JUAN'),('COLOMBIA','SUR','TOLIMA','VENADILLO'),('COLOMBIA','SUR','TOLIMA','VILLAHERMOSA'),('COLOMBIA','SUR','TOLIMA','VILLARRICA'),('COLOMBIA','SUR','VALLE DEL CAUCA',NULL),('COLOMBIA','SUR','VALLE DEL CAUCA','CANDELARIA'),('COLOMBIA','SUR','VALLE DEL CAUCA','BUENAVENTURA'),('COLOMBIA','SUR','VALLE DEL CAUCA','GUADALAJARA DE BUGA'),('COLOMBIA','SUR','VALLE DEL CAUCA','CALI'),('COLOMBIA','SUR','VALLE DEL CAUCA','CARTAGO'),('COLOMBIA','SUR','VALLE DEL CAUCA','FLORIDA'),('COLOMBIA','SUR','VALLE DEL CAUCA','JAMUNDI'),('COLOMBIA','SUR','VALLE DEL CAUCA','PALMIRA'),('COLOMBIA','SUR','VALLE DEL CAUCA','TULUA'),('COLOMBIA','SUR','VALLE DEL CAUCA','YUMBO'),('COLOMBIA','SUR','VALLE DEL CAUCA','ALCALA'),('COLOMBIA','SUR','VALLE DEL CAUCA','ANDALUCIA'),('COLOMBIA','SUR','VALLE DEL CAUCA','ANSERMANUEVO'),('COLOMBIA','SUR','VALLE DEL CAUCA','ARGELIA'),('COLOMBIA','SUR','VALLE DEL CAUCA','BOLIVAR'),('COLOMBIA','SUR','VALLE DEL CAUCA','CAICEDONIA'),('COLOMBIA','SUR','VALLE DEL CAUCA','CALIMA'),('COLOMBIA','SUR','VALLE DEL CAUCA','DAGUA'),('COLOMBIA','SUR','VALLE DEL CAUCA','EL AGUILA'),('COLOMBIA','SUR','VALLE DEL CAUCA','EL CAIRO'),('COLOMBIA','SUR','VALLE DEL CAUCA','EL CERRITO'),('COLOMBIA','SUR','VALLE DEL CAUCA','EL DOVIO'),('COLOMBIA','SUR','VALLE DEL CAUCA','GINEBRA'),('COLOMBIA','SUR','VALLE DEL CAUCA','GUACARI'),('COLOMBIA','SUR','VALLE DEL CAUCA','LA CUMBRE'),('COLOMBIA','SUR','VALLE DEL CAUCA','LA UNION'),('COLOMBIA','SUR','VALLE DEL CAUCA','LA VICTORIA'),('COLOMBIA','SUR','VALLE DEL CAUCA','OBANDO'),('COLOMBIA','SUR','VALLE DEL CAUCA','PRADERA'),('COLOMBIA','SUR','VALLE DEL CAUCA','RESTREPO'),('COLOMBIA','SUR','VALLE DEL CAUCA','RIOFRIO'),('COLOMBIA','SUR','VALLE DEL CAUCA','ROLDANILLO'),('COLOMBIA','SUR','VALLE DEL CAUCA','SAN PEDRO'),('COLOMBIA','SUR','VALLE DEL CAUCA','SEVILLA'),('COLOMBIA','SUR','VALLE DEL CAUCA','TORO'),('COLOMBIA','SUR','VALLE DEL CAUCA','TRUJILLO'),('COLOMBIA','SUR','VALLE DEL CAUCA','ULLOA'),('COLOMBIA','SUR','VALLE DEL CAUCA','VERSALLES'),('COLOMBIA','SUR','VALLE DEL CAUCA','VIJES'),('COLOMBIA','SUR','VALLE DEL CAUCA','YOTOCO'),('COLOMBIA','SUR','VALLE DEL CAUCA','ZARZAL'),('COLOMBIA','SUR','VAUPES',NULL),('COLOMBIA','SUR','VAUPES','MITU'),('COLOMBIA','SUR','VAUPES','CARURU'),('COLOMBIA','SUR','VAUPES','PACOA'),('COLOMBIA','SUR','VAUPES','TARAIRA'),('COLOMBIA','SUR','VAUPES','PAPUNAUA'),('COLOMBIA','SUR','VAUPES','YAVARATE'),('COLOMBIA','SUR','VICHADA',NULL),('COLOMBIA','SUR','VICHADA','PUERTO CARREÑO'),('COLOMBIA','SUR','VICHADA','CUMARIBO'),('COLOMBIA','SUR','VICHADA','AREA EN LITIGIO'),('COLOMBIA','SUR','VICHADA','LA PRIMAVERA'),('COLOMBIA','SUR','VICHADA','SANTA ROSALIA');
/*!40000 ALTER TABLE `localizacion` ENABLE KEYS */;
UNLOCK TABLES;

--
-- Table structure for table `prestamo`
--

DROP TABLE IF EXISTS `prestamo`;
/*!40101 SET @saved_cs_client     = @@character_set_client */;
/*!50503 SET character_set_client = utf8mb4 */;
CREATE TABLE `prestamo` (
  `id_prestamo` int NOT NULL AUTO_INCREMENT,
  `fecha_prestamo` date NOT NULL,
  `fecha_devolucion` date NOT NULL,
  `dias_prestamo` int NOT NULL,
  `fecha_entrega` date DEFAULT NULL,
  `n_ejemplar` int NOT NULL,
  `n_cliente` int NOT NULL,
  PRIMARY KEY (`id_prestamo`),
  KEY `n_ejemplar` (`n_ejemplar`),
  KEY `n_cliente` (`n_cliente`),
  CONSTRAINT `prestamo_ibfk_1` FOREIGN KEY (`n_ejemplar`) REFERENCES `ejemplar` (`id_ejemplar`) ON DELETE CASCADE ON UPDATE CASCADE,
  CONSTRAINT `prestamo_ibfk_2` FOREIGN KEY (`n_cliente`) REFERENCES `cliente` (`id_cliente`) ON DELETE CASCADE ON UPDATE CASCADE
) ENGINE=InnoDB AUTO_INCREMENT=6 DEFAULT CHARSET=utf8mb4 COLLATE=utf8mb4_0900_ai_ci;
/*!40101 SET character_set_client = @saved_cs_client */;

--
-- Dumping data for table `prestamo`
--

LOCK TABLES `prestamo` WRITE;
/*!40000 ALTER TABLE `prestamo` DISABLE KEYS */;
INSERT INTO `prestamo` VALUES (1,'2021-07-18','2021-07-26',8,'2021-07-26',1,1),(2,'2021-03-24','2021-04-01',8,'2021-03-20',13,3),(3,'2021-01-12','2021-01-24',12,'2021-01-20',2,3),(4,'2021-02-01','2021-01-10',8,'2021-01-10',1,5),(5,'2021-04-04','2021-04-11',7,'2021-01-10',7,4);
/*!40000 ALTER TABLE `prestamo` ENABLE KEYS */;
UNLOCK TABLES;

--
-- Table structure for table `roles`
--

DROP TABLE IF EXISTS `roles`;
/*!40101 SET @saved_cs_client     = @@character_set_client */;
/*!50503 SET character_set_client = utf8mb4 */;
CREATE TABLE `roles` (
  `id` int NOT NULL AUTO_INCREMENT,
  `nombre` varchar(45) NOT NULL,
  `descripcion` varchar(45) DEFAULT NULL,
  PRIMARY KEY (`id`)
) ENGINE=InnoDB AUTO_INCREMENT=2 DEFAULT CHARSET=utf8mb4 COLLATE=utf8mb4_0900_ai_ci;
/*!40101 SET character_set_client = @saved_cs_client */;

--
-- Dumping data for table `roles`
--

LOCK TABLES `roles` WRITE;
/*!40000 ALTER TABLE `roles` DISABLE KEYS */;
INSERT INTO `roles` VALUES (1,'Administrador','Todos los permisos');
/*!40000 ALTER TABLE `roles` ENABLE KEYS */;
UNLOCK TABLES;

--
-- Table structure for table `usuario`
--

DROP TABLE IF EXISTS `usuario`;
/*!40101 SET @saved_cs_client     = @@character_set_client */;
/*!50503 SET character_set_client = utf8mb4 */;
CREATE TABLE `usuario` (
  `id_usuario` int NOT NULL AUTO_INCREMENT,
  `nombre_usuario` varchar(30) NOT NULL,
  `contrasena` varchar(30) NOT NULL,
  `estado` varchar(10) NOT NULL,
  `n_documento` int NOT NULL,
  PRIMARY KEY (`id_usuario`),
  KEY `n_documento` (`n_documento`),
  CONSTRAINT `usuario_ibfk_1` FOREIGN KEY (`n_documento`) REFERENCES `contacto` (`documento`) ON DELETE CASCADE ON UPDATE CASCADE
) ENGINE=InnoDB AUTO_INCREMENT=4 DEFAULT CHARSET=utf8mb4 COLLATE=utf8mb4_0900_ai_ci;
/*!40101 SET character_set_client = @saved_cs_client */;

--
-- Dumping data for table `usuario`
--

LOCK TABLES `usuario` WRITE;
/*!40000 ALTER TABLE `usuario` DISABLE KEYS */;
INSERT INTO `usuario` VALUES (1,'ccmarin14','3104570950','activo',1020457734),(2,'admin','sa','inactivo',1),(3,'carloa','1022059','activo',1002054546);
/*!40000 ALTER TABLE `usuario` ENABLE KEYS */;
UNLOCK TABLES;

--
-- Temporary view structure for view `view1`
--

DROP TABLE IF EXISTS `view1`;
/*!50001 DROP VIEW IF EXISTS `view1`*/;
SET @saved_cs_client     = @@character_set_client;
/*!50503 SET character_set_client = utf8mb4 */;
/*!50001 CREATE VIEW `view1` AS SELECT 
 1 AS `nombre`,
 1 AS `cantidad`,
 1 AS `calificacion`*/;
SET character_set_client = @saved_cs_client;

--
-- Final view structure for view `view1`
--

/*!50001 DROP VIEW IF EXISTS `view1`*/;
/*!50001 SET @saved_cs_client          = @@character_set_client */;
/*!50001 SET @saved_cs_results         = @@character_set_results */;
/*!50001 SET @saved_col_connection     = @@collation_connection */;
/*!50001 SET character_set_client      = utf8 */;
/*!50001 SET character_set_results     = utf8 */;
/*!50001 SET collation_connection      = utf8_general_ci */;
/*!50001 CREATE ALGORITHM=UNDEFINED */
/*!50013 DEFINER=`root`@`localhost` SQL SECURITY DEFINER */
/*!50001 VIEW `view1` AS select `libro`.`nombre` AS `nombre`,`libro`.`cantidad` AS `cantidad`,`libro`.`calificacion` AS `calificacion` from `libro` */;
/*!50001 SET character_set_client      = @saved_cs_client */;
/*!50001 SET character_set_results     = @saved_cs_results */;
/*!50001 SET collation_connection      = @saved_col_connection */;
/*!40103 SET TIME_ZONE=@OLD_TIME_ZONE */;

/*!40101 SET SQL_MODE=@OLD_SQL_MODE */;
/*!40014 SET FOREIGN_KEY_CHECKS=@OLD_FOREIGN_KEY_CHECKS */;
/*!40014 SET UNIQUE_CHECKS=@OLD_UNIQUE_CHECKS */;
/*!40101 SET CHARACTER_SET_CLIENT=@OLD_CHARACTER_SET_CLIENT */;
/*!40101 SET CHARACTER_SET_RESULTS=@OLD_CHARACTER_SET_RESULTS */;
/*!40101 SET COLLATION_CONNECTION=@OLD_COLLATION_CONNECTION */;
/*!40111 SET SQL_NOTES=@OLD_SQL_NOTES */;

-- Dump completed on 2022-11-04  8:07:56
